join,name,ye
271565,MINNEAPOLIS W-5 P-03,24
271525,MINNEAPOLIS W-4 P-05,21
621190,ST. PAUL W-5 P-04,21
271515,MINNEAPOLIS W-4 P-03,18
040195,RED LAKE AGENCY PREC,17
271510,MINNEAPOLIS W-4 P-02,17
271590,MINNEAPOLIS W-5 P-08,17
660035,FARIBAULT P-3,16
860127,MONTICELLO P-2,16
194430,SOUTH ST PAUL P-3,15
270205,BROOKLYN CENTER P-02,15
270405,BROOKLYN PARK W-W P-3,15
820045,COTTAGE GROVE P-02,15
820170,LAKE ELMO P-1,15
860140,OTSEGO P-1A,15
271665,MINNEAPOLIS W-7 P-05,14
271710,MINNEAPOLIS W-8 P-03,14
620450,ROSEVILLE P-03,14
270397,BROOKLYN PARK W-W P-1R,13
271520,MINNEAPOLIS W-4 P-04,13
271555,MINNEAPOLIS W-5 P-01,13
271760,MINNEAPOLIS W-9 P-03,13
621200,ST. PAUL W-5 P-05,13
621540,ST. PAUL W-7 P-12,13
690230,DULUTH P-17,13
860005,ALBERTVILLE P-1,13
860020,BUFFALO P-1,13
192220,FARMINGTON P-2,12
192250,FARMINGTON P-5,12
270215,BROOKLYN CENTER P-04,12
270395,BROOKLYN PARK W-W P-1O,12
271530,MINNEAPOLIS W-4 P-06,12
271540,MINNEAPOLIS W-4 P-08,12
271560,MINNEAPOLIS W-5 P-02,12
271585,MINNEAPOLIS W-5 P-07,12
271820,MINNEAPOLIS W-10 P-04,12
400075,LE SUEUR,12
500035,AUSTIN W-2 P-2,12
620350,NEW BRIGHTON P-5,12
620820,ST. PAUL W-2 P-15,12
700005,BELLE PLAINE,12
820375,WOODBURY P-01,12
860075,DELANO,12
860155,ST MICHAEL P-1A,12
860156,ST MICHAEL P-1B,12
070135,MANKATO W-03 P-09,11
100040,CHASKA W-1,11
100050,CHASKA W-3,11
191280,BURNSVILLE P-08,11
191720,EAGAN P-02,11
192970,LAKEVILLE P-07,11
270200,BROOKLYN CENTER P-01,11
270220,BROOKLYN CENTER P-05,11
270330,BROOKLYN PARK W-C P-7,11
270375,BROOKLYN PARK W-E P-6O,11
270450,CHAMPLIN W-1 P-01,11
271620,MINNEAPOLIS W-6 P-04,11
272160,MINNETONKA W-3 P-D,11
621330,ST. PAUL W-6 P-05,11
621340,ST. PAUL W-6 P-06,11
700111,SAVAGE P-3,11
820395,WOODBURY P-05,11
860141,OTSEGO P-2A,11
020530,BLAINE W-3 P-6,10
022905,RAMSEY W-4 P-1,10
100125,WACONIA W-2,10
140040,DILWORTH CITY,10
191790,EAGAN P-9A,10
191860,EAGAN P-16,10
192210,FARMINGTON P-1,10
192230,FARMINGTON P-3,10
192240,FARMINGTON P-4,10
194410,SOUTH ST PAUL P-1,10
240025,ALBERT LEA W-3 P-1,10
270106,BLOOMINGTON W-3 P-28,10
270225,BROOKLYN CENTER P-06,10
270410,BROOKLYN PARK W-W P-4,10
270985,GOLDEN VALLEY P-1,10
271420,MINNEAPOLIS W-2 P-03,10
271680,MINNEAPOLIS W-7 P-08,10
271735,MINNEAPOLIS W-8 P-08,10
271956,MINNEAPOLIS W-12 P-12,10
272615,RICHFIELD W-3 P-09,10
272665,ROBBINSDALE W-3,10
300022,CAMBRIDGE EAST - P2,10
620340,NEW BRIGHTON P-3,10
620460,ROSEVILLE P-04,10
620580,ST. PAUL W-1 P-05,10
621080,ST. PAUL W-4 P-09,10
621430,ST. PAUL W-7 P-01,10
700120,SHAKOPEE P-2,10
710100,ST CLOUD W2 P7,10
820220,NEWPORT,10
020015,ANDOVER P-3,9
020325,BLAINE W-1 P-5,9
021015,COON RAPIDS W-1 P-3,9
021215,COON RAPIDS W-3 P-3,9
070140,MANKATO W-04 P-10,9
070145,MANKATO W-01 P-11,9
070165,MANKATO W-02 P-15,9
100045,CHASKA W-2,9
140170,MOORHEAD CITY W-2 P-4,9
191210,BURNSVILLE P-01,9
191230,BURNSVILLE P-03,9
194450,SOUTH ST PAUL P-5,9
210090,IDA TWP.,9
270210,BROOKLYN CENTER P-03,9
270310,BROOKLYN PARK W-C P-3,9
270755,EDEN PRAIRIE P-14,9
271135,HOPKINS P-06,9
271150,INDEPENDENCE P-01,9
271230,MAPLE GROVE P-09,9
271505,MINNEAPOLIS W-4 P-01,9
271535,MINNEAPOLIS W-4 P-07,9
271570,MINNEAPOLIS W-5 P-04,9
271850,MINNEAPOLIS W-10 P-10,9
272190,MINNETONKA W-4 P-B,9
272595,RICHFIELD W-2 P-06,9
272610,RICHFIELD W-3 P-08,9
272645,ROBBINSDALE W-1,9
272675,ROBBINSDALE W-4,9
272855,ST LOUIS PARK W-4 P-14,9
310140,GRAND RAPIDS P-1,9
480060,KATHIO TWP.,9
500050,AUSTIN W-3 P-1,9
550176,ROCHESTER W5 P3,9
560195,FERGUS FALLS W-3 P-2,9
620110,LITTLE CANADA P-2,9
620550,ST. PAUL W-1 P-02,9
620620,ST. PAUL W-1 P-09,9
621220,ST. PAUL W-5 P-07,9
730360,ST CLOUD W4 P7,9
740120,OWATONNA W-4 P-2,9
820175,LAKE ELMO P-2,9
820235,OAKDALE P-3,9
850110,ST CHARLES,9
020125,ANOKA P-5,8
020505,BLAINE W-3 P-1,8
020525,BLAINE W-3 P-5,8
021010,COON RAPIDS W-1 P-2,8
021220,COON RAPIDS W-3 P-4,8
021820,FRIDLEY W-3 P-4,8
030075,DETROIT LAKES W3 P1,8
040035,BEMIDJI W-4,8
120090,MONTEVIDEO P-2,8
130055,LINDSTROM,8
130105,WYOMING,8
180005,BAXTER P1E,8
191140,APPLE VALLEY P-14,8
191765,EAGAN P-6B,8
192780,INVER GROVE HTS P-08,8
194230,ROSEMOUNT P-3,8
270010,BLOOMINGTON W-1 P-08,8
270055,BLOOMINGTON W-2 P-23,8
270120,BLOOMINGTON W-4 P-03,8
270400,BROOKLYN PARK W-W P-2,8
270460,CHAMPLIN W-3 P-01,8
270550,CRYSTAL W-1 P-01,8
270860,EDINA P-02,8
270865,EDINA P-03,8
271025,GOLDEN VALLEY P-8,8
271225,MAPLE GROVE P-08,8
271390,MINNEAPOLIS W-1 P-07,8
271460,MINNEAPOLIS W-3 P-01,8
271670,MINNEAPOLIS W-7 P-06,8
271765,MINNEAPOLIS W-9 P-04,8
271805,MINNEAPOLIS W-10 P-01,8
271885,MINNEAPOLIS W-11 P-06,8
271890,MINNEAPOLIS W-11 P-07,8
272580,RICHFIELD W-1 P-04,8
272715,ROGERS P-02,8
272845,ST LOUIS PARK W-3 P-12,8
272860,ST LOUIS PARK W-4 P-15,8
420105,MARSHALL W-2,8
550140,ROCHESTER W3 P1,8
620140,MAPLEWOOD P-02,8
620850,ST. PAUL W-3 P-02,8
621170,ST. PAUL W-5 P-02,8
621320,ST. PAUL W-6 P-04,8
621370,ST. PAUL W-6 P-09,8
621390,ST. PAUL W-6 P-11,8
621600,SHOREVIEW P-2,8
621770,WHITE BEAR LAKE W-4 P-1,8
660025,FARIBAULT P-1,8
660040,FARIBAULT P-4,8
660090,NORTHFIELD W-2 P-1,8
690100,CHISHOLM,8
690210,DULUTH P-14,8
690215,DULUTH P-15,8
690615,HIBBING W-1 P-A,8
820125,FOREST LAKE P-5,8
820270,OAK PARK HEIGHTS,8
820400,WOODBURY P-06,8
820450,WOODBURY P-16,8
020025,ANDOVER P-5,7
020030,ANDOVER P-6,7
020825,COLUMBIA HEIGHTS P-5,7
021205,COON RAPIDS W-3 P-1,7
021315,COON RAPIDS W-4 P-3,7
021415,COON RAPIDS W-5 P-3,7
021720,FRIDLEY W-2 P-4,7
022605,RAMSEY W-1 P-1,7
022805,RAMSEY W-3 P-1,7
023115,SPRING LAKE PARK P-3,7
030065,DETROIT LAKES W2 P1,7
040020,BEMIDJI W-1,7
070120,MANKATO W-05 P-06,7
100015,CARVER,7
100025,CHANHASSEN P-1B,7
100030,CHANHASSEN P-2A,7
100035,CHANHASSEN P-2B,7
120075,MONTEVIDEO P-1,7
130065,NORTH BRANCH P-B,7
140155,MOORHEAD CITY W-1 P-1A,7
140160,MOORHEAD CITY W-1 P-2,7
191240,BURNSVILLE P-04,7
191310,BURNSVILLE P-11,7
191360,BURNSVILLE P-16,7
192260,FARMINGTON P-6,7
192650,HASTINGS W-4 P-1,7
192710,INVER GROVE HTS P-01,7
192770,INVER GROVE HTS P-07,7
193040,LAKEVILLE P-14,7
193060,LAKEVILLE P-16,7
193440,MENDOTA HTS P-4,7
250125,RED WING W-2 P-1,7
250210,ZUMBROTA P-1,7
270107,BLOOMINGTON W-3 P-29,7
270125,BLOOMINGTON W-4 P-04,7
270130,BLOOMINGTON W-4 P-06,7
270325,BROOKLYN PARK W-C P-6,7
270360,BROOKLYN PARK W-E P-4A,7
270370,BROOKLYN PARK W-E P-6A,7
270455,CHAMPLIN W-2 P-01,7
270590,CRYSTAL W-4 P-02,7
270675,DEEPHAVEN P-01,7
270735,EDEN PRAIRIE P-10,7
270760,EDEN PRAIRIE P-15,7
270855,EDINA P-01B,7
271000,GOLDEN VALLEY P-3,7
271360,MINNEAPOLIS W-1 P-01,7
271370,MINNEAPOLIS W-1 P-03,7
271415,MINNEAPOLIS W-2 P-02,7
271700,MINNEAPOLIS W-8 P-01,7
271715,MINNEAPOLIS W-8 P-04,7
271790,MINNEAPOLIS W-9 P-09,7
271845,MINNEAPOLIS W-10 P-09,7
271895,MINNEAPOLIS W-11 P-08,7
271950,MINNEAPOLIS W-12 P-10,7
272405,PLYMOUTH W-1 P-02,7
272465,PLYMOUTH W-3 P-14,7
272575,RICHFIELD W-1 P-03,7
272605,RICHFIELD W-3 P-01,7
272655,ROBBINSDALE W-2,7
272710,ROGERS P-01,7
272770,ST ANTHONY P-02,7
272815,ST LOUIS PARK W-2 P-06,7
420095,MARSHALL W-1,7
500015,AUSTIN W-1 P-1,7
550148,ROCHESTER W3 P5,7
590075,PIPESTONE PRECINCT 1,7
620180,MAPLEWOOD P-06,7
620190,MAPLEWOOD P-07,7
620365,NEW BRIGHTON P-8,7
620700,ST. PAUL W-2 P-03,7
620750,ST. PAUL W-2 P-08,7
621230,ST. PAUL W-5 P-08,7
621460,ST. PAUL W-7 P-04,7
621500,ST. PAUL W-7 P-08,7
621610,SHOREVIEW P-3,7
690190,DULUTH P-10,7
700055,JORDAN P-2,7
700093,PRIOR LAKE P-6A,7
700105,SAVAGE P-1,7
700118,SAVAGE P-9,7
700156,SHAKOPEE P-12A,7
710010,BECKER CITY,7
710060,ELK RIVER W4 P4A,7
710095,ST CLOUD W2 P6,7
710135,ELK RIVER W2 P2B,7
710140,ELK RIVER W3 P3B,7
770160,STAPLES,7
810100,WASECA W-3 P-A,7
820130,GRANT,7
820245,OAKDALE P-5,7
820255,OAKDALE P-7,7
820380,WOODBURY P-02,7
820390,WOODBURY P-04,7
820420,WOODBURY P-10,7
820445,WOODBURY P-15,7
830110,ST JAMES CITY W-2,7
860025,BUFFALO P-2,7
020020,ANDOVER P-4,6
020310,BLAINE W-1 P-2,6
020320,BLAINE W-1 P-4,6
020535,BLAINE W-3 P-7,6
020710,CIRCLE PINES P-2,6
020820,COLUMBIA HEIGHTS P-4,6
021020,COON RAPIDS W-1 P-4,6
021210,COON RAPIDS W-3 P-2,6
021310,COON RAPIDS W-4 P-2,6
021320,COON RAPIDS W-4 P-4,6
021510,EAST BETHEL P-2,6
021605,FRIDLEY W-1 P-1,6
021815,FRIDLEY W-3 P-3,6
022215,LINO LAKES P-3,6
022710,RAMSEY W-2 P-2,6
040015,BEMIDJI TWP,6
040032,BEMIDJI W-3 P-2,6
040040,BEMIDJI W-5,6
050060,RICE,6
050080,ST CLOUD W2 P3,6
050112,SAUK RAPIDS P-5,6
070040,EAGLE LAKE,6
090165,THOMSON TWP,6
100036,CHANHASSEN P-3,6
100135,WATERTOWN,6
110190,PIKE BAY TWP,6
160010,GRAND MARAIS EAST PREC 5,6
191020,APPLE VALLEY P-02,6
191080,APPLE VALLEY P-08,6
191110,APPLE VALLEY P-11,6
191150,APPLE VALLEY P-15,6
191260,BURNSVILLE P-06,6
191740,EAGAN P-04,6
191750,EAGAN P-5A,6
191830,EAGAN P-13,6
192720,INVER GROVE HTS P-02,6
192730,INVER GROVE HTS P-03,6
192760,INVER GROVE HTS P-06,6
192790,INVER GROVE HTS P-09,6
192920,LAKEVILLE P-02,6
193000,LAKEVILLE P-10,6
193050,LAKEVILLE P-15,6
193070,LAKEVILLE P-17,6
194220,ROSEMOUNT P-2,6
194270,ROSEMOUNT P-7,6
194910,WEST ST PAUL W-1 P-1,6
194940,WEST ST PAUL W-2 P-1,6
200030,DODGE CENTER P-1,6
210015,ALEXANDRIA W-3,6
240015,ALBERT LEA W-2 P-1,6
270030,BLOOMINGTON W-1 P-14,6
270350,BROOKLYN PARK W-E P-2,6
270465,CHAMPLIN W-4 P-01,6
270705,EDEN PRAIRIE P-04,6
270765,EDEN PRAIRIE P-16,6
270940,EDINA P-18,6
270990,GOLDEN VALLEY P-2,6
271115,HOPKINS P-02,6
271240,MAPLE GROVE P-11,6
271355,MEDINA P-1B,6
271395,MINNEAPOLIS W-1 P-08,6
271455,MINNEAPOLIS W-2 P-10,6
271470,MINNEAPOLIS W-3 P-03,6
271485,MINNEAPOLIS W-3 P-06,6
271500,MINNEAPOLIS W-3 P-09,6
271503,MINNEAPOLIS W-3 P-12,6
271640,MINNEAPOLIS W-6 P-08,6
271705,MINNEAPOLIS W-8 P-02,6
271720,MINNEAPOLIS W-8 P-05,6
271755,MINNEAPOLIS W-9 P-02,6
271810,MINNEAPOLIS W-10 P-02,6
271840,MINNEAPOLIS W-10 P-08,6
271865,MINNEAPOLIS W-11 P-02,6
271902,MINNEAPOLIS W-11 P-10,6
271910,MINNEAPOLIS W-12 P-02,6
272010,MINNEAPOLIS W-13 P-11,6
272090,MINNETONKA W-1 P-A,6
272260,MOUND P-3,6
272400,PLYMOUTH W-1 P-01,6
272420,PLYMOUTH W-1 P-05,6
272430,PLYMOUTH W-2 P-07,6
272440,PLYMOUTH W-2 P-09,6
272735,SHOREWOOD P-4,6
272795,ST LOUIS PARK W-1 P-02,6
272820,ST LOUIS PARK W-2 P-07,6
272835,ST LOUIS PARK W-3 P-10,6
280075,LA CRESCENT P-2,6
300037,ISANTI P-2,6
400105,NEW PRAGUE,6
420115,MARSHALL W-3,6
430070,HUTCHINSON CITY P-1,6
430075,HUTCHINSON CITY P-2,6
430080,HUTCHINSON CITY P-3,6
460050,FAIRMONT W-2 P-1,6
490120,LITTLE FALLS W-1,6
500030,AUSTIN W-2 P-1,6
520075,NORTH MANKATO P-2,6
550108,ROCHESTER W1 P7,6
550136,ROCHESTER W2 P8,6
550178,ROCHESTER W5 P4,6
560235,HENNING,6
560290,NEW YORK MILLS,6
600075,CROOKSTON W-3,6
620130,MAPLEWOOD P-01,6
620160,MAPLEWOOD P-04,6
620370,NORTH OAKS P-1,6
620390,NORTH ST. PAUL P-1,6
620530,ST ANTHONY P-1,6
620780,ST. PAUL W-2 P-11,6
620790,ST. PAUL W-2 P-12,6
620810,ST. PAUL W-2 P-14,6
620880,ST. PAUL W-3 P-05,6
620890,ST. PAUL W-3 P-06,6
621100,ST. PAUL W-4 P-11,6
621110,ST. PAUL W-4 P-12,6
621130,ST. PAUL W-4 P-14,6
621180,ST. PAUL W-5 P-03,6
621250,ST. PAUL W-5 P-10,6
621310,ST. PAUL W-6 P-03,6
621510,ST. PAUL W-7 P-09,6
621630,SHOREVIEW P-5,6
621680,VADNAIS HEIGHTS P-3,6
660005,BRIDGEWATER TWP.,6
660030,FARIBAULT P-2,6
690140,DULUTH P-1,6
690145,DULUTH P-2,6
690205,DULUTH P-13,6
690320,DULUTH P-33,6
690475,EVELETH P-1,6
690595,HERMANTOWN P-1,6
700040,HELENA TWP.,6
700075,NEW PRAGUE P-2,6
700113,SAVAGE P-5,6
700137,SHAKOPEE P-7,6
730005,ALBANY,6
730265,ST CLOUD W1 P2,6
730307,ST CLOUD W3 P2,6
730310,ST CLOUD W3 P3,6
730340,ST CLOUD W4 P3,6
740115,OWATONNA W-4 P-1,6
820065,COTTAGE GROVE P-06,6
820070,COTTAGE GROVE P-07,6
820160,HUGO W-3 P-3A,6
820240,OAKDALE P-4,6
820305,SCANDIA,6
820330,STILLWATER W-3 P-5,6
820360,WEST LAKELAND TWP.,6
820410,WOODBURY P-08,6
830095,ST JAMES CITY W-1,6
850040,GOODVIEW P-2A,6
860125,MONTICELLO P-1,6
020005,ANDOVER P-1,5
020420,BLAINE W-2 P-3,5
020515,BLAINE W-3 P-3,5
020605,CENTERVILLE P-1,5
020905,COLUMBUS P-1,5
021110,COON RAPIDS W-2 P-2,5
021120,COON RAPIDS W-2 P-4,5
021615,FRIDLEY W-1 P-3,5
021715,FRIDLEY W-2 P-3,5
021805,FRIDLEY W-3 P-1,5
021920,HAM LAKE P-4A,5
022230,LINO LAKES P-6,5
030085,ERIE TWP,5
030100,FRAZEE,5
040200,REDBY PREC,5
050120,WATAB TWP,5
060080,ORTONVILLE P-1,5
070065,LAKE CRYSTAL,5
100055,CHASKA W-4,5
100090,LAKETOWN TWP,5
100105,NORWOOD YOUNG AMERICA,5
140010,BARNESVILLE CITY W-1,5
140165,MOORHEAD CITY W-2 P-3,5
140200,MOORHEAD CITY W-3 P-8,5
140205,MOORHEAD CITY W-4 P-9,5
191030,APPLE VALLEY P-03,5
191050,APPLE VALLEY P-5A,5
191070,APPLE VALLEY P-07,5
191090,APPLE VALLEY P-09,5
191300,BURNSVILLE P-10,5
191350,BURNSVILLE P-15,5
191760,EAGAN P-6A,5
191800,EAGAN P-10,5
191870,EAGAN P-17,5
192620,HASTINGS W-1 P-3,5
192660,HASTINGS W-4 P-2,5
192800,INVER GROVE HTS P-10,5
192910,LAKEVILLE P-01,5
194240,ROSEMOUNT P-4,5
194420,SOUTH ST PAUL P-2,5
210100,LA GRAND TWP.,5
220010,BLUE EARTH W-1,5
220160,WINNEBAGO,5
230050,CHATFIELD,5
240050,ALBERT LEA W-6 P-1,5
250075,KENYON,5
250110,RED WING W-1 P-1,5
270025,BLOOMINGTON W-1 P-12,5
270040,BLOOMINGTON W-2 P-13,5
270110,BLOOMINGTON W-4 P-01,5
270230,BROOKLYN CENTER P-07,5
270300,BROOKLYN PARK W-C P-1,5
270305,BROOKLYN PARK W-C P-2,5
270320,BROOKLYN PARK W-C P-5,5
270415,BROOKLYN PARK W-W P-5,5
270650,DAYTON P-03,5
270780,EDEN PRAIRIE P-19A,5
270885,EDINA P-07,5
270925,EDINA P-15C,5
271190,MAPLE GROVE P-01,5
271210,MAPLE GROVE P-05,5
271270,MAPLE GROVE P-17,5
271405,MINNEAPOLIS W-1 P-10,5
271465,MINNEAPOLIS W-3 P-02,5
271630,MINNEAPOLIS W-6 P-06,5
271875,MINNEAPOLIS W-11 P-04,5
271905,MINNEAPOLIS W-12 P-01,5
271915,MINNEAPOLIS W-12 P-03,5
271960,MINNEAPOLIS W-13 P-01,5
271985,MINNEAPOLIS W-13 P-06,5
272000,MINNEAPOLIS W-13 P-09,5
272125,MINNETONKA W-2 P-B,5
272150,MINNETONKA W-3 P-B,5
272195,MINNETONKA W-4 P-C,5
272265,MOUND P-4,5
272470,PLYMOUTH W-3 P-15,5
272590,RICHFIELD W-2 P-02,5
272910,WAYZATA P-01,5
280070,LA CRESCENT P-1,5
300005,ATHENS TWP,5
300020,CAMBRIDGE WEST - P1,5
300035,ISANTI P-1,5
310085,COLERAINE,5
320070,JACKSON W-2,5
340210,WILLMAR W-3 P-2,5
380090,TWO HARBORS W-3,5
460040,FAIRMONT W-1 P-2,5
480110,PRINCETON,5
490130,LITTLE FALLS W-3,5
520125,ST PETER W-1 P-2,5
520135,ST PETER W-2 P-2,5
550005,BYRON,5
550065,MARION TWP. P-1,5
550100,ROCHESTER W1 P3,5
550130,ROCHESTER W2 P5,5
550142,ROCHESTER W3 P2,5
550152,ROCHESTER W3 P7,5
550172,ROCHESTER W5 P1,5
550198,ROCHESTER W6 P3,5
560210,FERGUS FALLS TWP,5
560360,PERHAM,5
570165,THIEF RIVER FALLS (4),5
620010,ARDEN HILLS P-1,5
620100,LITTLE CANADA P-1,5
620200,MAPLEWOOD P-08,5
620330,NEW BRIGHTON P-1,5
620360,NEW BRIGHTON P-7,5
620560,ST. PAUL W-1 P-03,5
620600,ST. PAUL W-1 P-07,5
620640,ST. PAUL W-1 P-11,5
620760,ST. PAUL W-2 P-09,5
620800,ST. PAUL W-2 P-13,5
620860,ST. PAUL W-3 P-03,5
620960,ST. PAUL W-3 P-13,5
620970,ST. PAUL W-3 P-14,5
621030,ST. PAUL W-4 P-04,5
621120,ST. PAUL W-4 P-13,5
621140,ST. PAUL W-4 P-15,5
621240,ST. PAUL W-5 P-09,5
621440,ST. PAUL W-7 P-02,5
621490,ST. PAUL W-7 P-07,5
621670,VADNAIS HEIGHTS P-2,5
621750,WHITE BEAR LAKE W-2 P-1,5
621780,WHITE BEAR LAKE W-5 P-1,5
660105,NORTHFIELD W-3 P-1,5
660113,NORTHFIELD W-4 P-1,5
690170,DULUTH P-7,5
690250,DULUTH P-20,5
690285,DULUTH P-27,5
690290,DULUTH P-28,5
690295,DULUTH P-29,5
690325,DULUTH P-34,5
690450,ELY,5
690960,UNORG. PRCT. 14,5
700025,CREDIT RIVER TWP.,5
700091,PRIOR LAKE P-4,5
700092,PRIOR LAKE P-5,5
700130,SHAKOPEE P-4,5
710025,BIG LAKE TWP P1,5
710075,ORROCK TWP,5
710122,BIG LAKE TWP P4,5
730295,ST CLOUD W2 P2,5
730305,ST CLOUD W3 P1,5
730345,ST CLOUD W4 P4,5
740135,OWATONNA W-5 P-2,5
770126,LONG PRAIRIE,5
810090,WASECA W-2 P-A,5
820030,BAYTOWN TWP.,5
820040,COTTAGE GROVE P-01,5
820145,HUGO W-1 P-1,5
820165,HUGO W-3 P-3B,5
820225,OAKDALE P-1,5
820425,WOODBURY P-11,5
830050,MADELIA,5
840040,BRECKENRIDGE P-3,5
850155,WINONA W-1 P-1,5
860015,ANNANDALE,5
860040,CHATHAM TWP,5
860065,CORINNA TWP,5
860135,MONTROSE,5
860160,SILVER CREEK TWP,5
010005,AITKIN,4
020010,ANDOVER P-2,4
020035,ANDOVER P-7,4
020040,ANDOVER P-8,4
020110,ANOKA P-2,4
020140,ANOKA P-8,4
020305,BLAINE W-1 P-1,4
020340,BLAINE W-1 P-8,4
020415,BLAINE W-2 P-2B,4
020425,BLAINE W-2 P-4A,4
020815,COLUMBIA HEIGHTS P-3,4
020830,COLUMBIA HEIGHTS P-6,4
020835,COLUMBIA HEIGHTS P-7,4
021115,COON RAPIDS W-2 P-3,4
021305,COON RAPIDS W-4 P-1,4
021410,COON RAPIDS W-5 P-2,4
021425,COON RAPIDS W-5 P-5,4
021505,EAST BETHEL P-1,4
021515,EAST BETHEL P-3,4
021810,FRIDLEY W-3 P-2,4
022205,LINO LAKES P-1,4
022310,LINWOOD P-2,4
023005,SAINT FRANCIS P-1,4
030055,DETROIT LAKES W1 P1,4
040180,PONEMAH PREC,4
040202,LITTLE ROCK,4
050010,FOLEY,4
070150,MANKATO W-01 P-12,4
070160,MANKATO W-01 P-14,4
070170,MANKATO W-02 P-16,4
070230,SAINT CLAIR,4
070245,SOUTH BEND TWP,4
080100,NEW ULM W-3 P-1,4
080110,NEW ULM W-4 P-1,4
090040,CLOQUET W-1,4
090050,CLOQUET W-3,4
100037,CHANHASSEN P-4,4
100038,CHANHASSEN P-5,4
100119,VICTORIA P-3,4
100120,WACONIA W-1,4
110250,SHINGOBEE TWP P-1,4
110285,TURTLE LAKE TWP,4
130020,CHISAGO CITY,4
130070,RUSH CITY,4
140105,HAWLEY CITY,4
140214,MOORHEAD CITY W-4 P-12,4
180045,BRAINERD W-4 P-1,4
180055,BREEZY POINT CITY,4
180065,CROSBY CITY,4
180160,IRONDALE TWP.,4
191060,APPLE VALLEY P-06,4
191120,APPLE VALLEY P-12,4
191220,BURNSVILLE P-02,4
191290,BURNSVILLE P-09,4
191370,BURNSVILLE P-17,4
191730,EAGAN P-03,4
191755,EAGAN P-5B,4
191810,EAGAN P-11,4
192635,HASTINGS W-2 P-2,4
192750,INVER GROVE HTS P-05,4
192930,LAKEVILLE P-03,4
193450,MENDOTA HTS P-5,4
194920,WEST ST PAUL W-1 P-2,4
200040,HAYFIELD,4
200051,KASSON P-2,4
200080,WASIOJA TWP.,4
210010,ALEXANDRIA W-2,4
210135,MILTONA TWP.,4
220155,WELLS,4
240035,ALBERT LEA W-4 P-1,4
250025,CANNON FALLS P-2,4
250100,PINE ISLAND,4
250130,RED WING W-2 P-2,4
270015,BLOOMINGTON W-1 P-09,4
270020,BLOOMINGTON W-1 P-10,4
270045,BLOOMINGTON W-2 P-16,4
270060,BLOOMINGTON W-2 P-24,4
270080,BLOOMINGTON W-3 P-11,4
270105,BLOOMINGTON W-3 P-22,4
270115,BLOOMINGTON W-4 P-02,4
270340,BROOKLYN PARK W-E P-1A,4
270345,BROOKLYN PARK W-E P-1O,4
270640,DAYTON P-01,4
270725,EDEN PRAIRIE P-08,4
270730,EDEN PRAIRIE P-09,4
270745,EDEN PRAIRIE P-12,4
270750,EDEN PRAIRIE P-13,4
270895,EDINA P-09,4
271120,HOPKINS P-03,4
271205,MAPLE GROVE P-04,4
271275,MAPLE GROVE P-18,4
271305,MAPLE GROVE P-24,4
271380,MINNEAPOLIS W-1 P-05,4
271435,MINNEAPOLIS W-2 P-06,4
271445,MINNEAPOLIS W-2 P-08,4
271475,MINNEAPOLIS W-3 P-04,4
271575,MINNEAPOLIS W-5 P-05,4
271610,MINNEAPOLIS W-6 P-02,4
271625,MINNEAPOLIS W-6 P-05,4
271685,MINNEAPOLIS W-7 P-09,4
271780,MINNEAPOLIS W-9 P-07,4
271860,MINNEAPOLIS W-11 P-01,4
271930,MINNEAPOLIS W-12 P-06,4
271957,MINNEAPOLIS W-12 P-13,4
271980,MINNEAPOLIS W-13 P-05,4
271990,MINNEAPOLIS W-13 P-07,4
272120,MINNETONKA W-2 P-A,4
272210,MINNETONKA W-4 P-F,4
272250,MOUND P-1,4
272255,MOUND P-2,4
272295,NEW HOPE P-02,4
272355,ORONO P-01,4
272485,PLYMOUTH W-4 P-18,4
272585,RICHFIELD W-1 P-05,4
272600,RICHFIELD W-2 P-07,4
300010,BRADFORD TWP,4
330070,MORA,4
340030,DOVRE TWP.,4
340055,GREEN LAKE TWP.,4
340180,WILLMAR W-1 P-2,4
340190,WILLMAR W-2 P-1,4
430040,GLENCOE CITY P-3,4
450275,WARREN,4
470050,DASSEL,4
470055,DASSEL TWP.,4
470105,LITCHFIELD W-1,4
470125,LITCHFIELD W-5,4
480010,BOGUS BROOK TWP.,4
500020,AUSTIN W-1 P-2,4
520085,NORTH MANKATO P-4,4
550085,ORONOCO TWP.,4
550122,ROCHESTER W2 P1,4
550134,ROCHESTER W2 P7,4
550162,ROCHESTER W4 P5,4
550174,ROCHESTER W5 P2,4
550194,ROCHESTER W6 P1,4
550210,ROCHESTER TWP P-1,4
550225,STEWARTVILLE,4
560180,FERGUS FALLS W-2 P-1,4
560205,FERGUS FALLS W-4 P-2,4
580175,PINE CITY,4
590080,PIPESTONE PRECINCT 2,4
620030,ARDEN HILLS P-3,4
620090,LAUDERDALE P-1,4
620120,LITTLE CANADA P-3,4
620150,MAPLEWOOD P-03,4
620220,MAPLEWOOD P-10,4
620250,MAPLEWOOD P-13,4
620290,MOUNDS VIEW P-1,4
620300,MOUNDS VIEW P-2,4
620320,MOUNDS VIEW P-4,4
620410,NORTH ST. PAUL P-3,4
620420,NORTH ST. PAUL P-4,4
620470,ROSEVILLE P-05,4
620500,ROSEVILLE P-08,4
620520,ROSEVILLE P-10,4
620570,ST. PAUL W-1 P-04,4
620590,ST. PAUL W-1 P-06,4
620690,ST. PAUL W-2 P-02,4
620720,ST. PAUL W-2 P-05,4
620740,ST. PAUL W-2 P-07,4
620940,ST. PAUL W-3 P-11,4
621000,ST. PAUL W-4 P-01,4
621040,ST. PAUL W-4 P-05,4
621210,ST. PAUL W-5 P-06,4
621300,ST. PAUL W-6 P-02,4
621350,ST. PAUL W-6 P-07,4
621360,ST. PAUL W-6 P-08,4
621480,ST. PAUL W-7 P-06,4
621520,ST. PAUL W-7 P-10,4
621620,SHOREVIEW P-4,4
621740,WHITE BEAR LAKE W-1 P-1,4
640120,REDWOOD FALLS W-3,4
650135,OLIVIA,4
660060,LONSDALE CITY,4
670055,LUVERNE W-1 NE,4
690060,BIWABIK TWP.,4
690155,DULUTH P-4,4
690175,DULUTH P-8,4
690200,DULUTH P-12,4
690255,DULUTH P-21,4
690260,DULUTH P-22,4
690305,DULUTH P-31,4
690620,HIBBING W-2 P-A,4
690820,MOUNTAIN IRON P-1,4
691045,VIRGINIA P-2,4
691050,VIRGINIA P-3,4
691130,AURORA P-1,4
700070,NEW MARKET TWP.,4
700090,PRIOR LAKE P-3,4
700094,PRIOR LAKE P-6B,4
700114,SAVAGE P-6,4
700116,SAVAGE P-7,4
700119,SHAKOPEE P-1,4
700125,SHAKOPEE P-3,4
700136,SHAKOPEE P-6,4
700145,SHAKOPEE P-9,4
710015,BECKER TWP,4
710024,BIG LAKE CITY P-03,4
710055,ELK RIVER W3 P3A,4
710111,ZIMMERMAN P-2,4
710125,BALDWIN TWP P1,4
710145,ELK RIVER W4 P4B,4
730160,MAINE PRAIRIE TWP,4
730170,MELROSE,4
730260,ST CLOUD W1 P1,4
730317,ST CLOUD W3 P6,4
730355,ST CLOUD W4 P6,4
730420,SAUK CENTRE,4
740070,OWATONNA W-1 P-1,4
740105,OWATONNA W-3 P-2,4
800045,MENAHGA,4
810035,JANESVILLE CITY,4
810080,WASECA W-1 P-A,4
810095,WASECA W-2 P-B,4
820060,COTTAGE GROVE P-05,4
820105,FOREST LAKE P-1,4
820110,FOREST LAKE P-2,4
820195,LANDFALL,4
820205,MAHTOMEDI P-2,4
820250,OAKDALE P-6,4
820340,STILLWATER W-4 P-7,4
820345,STILLWATER W-4 P-8,4
820415,WOODBURY P-09A,4
820440,WOODBURY P-14,4
850165,WINONA W-1 P-3,4
850200,WINONA W-3 P-2,4
850230,WINONA W-4 P-4,4
860030,BUFFALO P-3,4
860055,COKATO,4
860130,MONTICELLO TWP,4
860145,ROCKFORD,4
020120,ANOKA P-4,3
020315,BLAINE W-1 P-3,3
020330,BLAINE W-1 P-6,3
020405,BLAINE W-2 P-1,3
020410,BLAINE W-2 P-2A,3
020430,BLAINE W-2 P-4B,3
020440,BLAINE W-2 P-6,3
020510,BLAINE W-3 P-2,3
020540,BLAINE W-3 P-8,3
020805,COLUMBIA HEIGHTS P-1,3
020810,COLUMBIA HEIGHTS P-2,3
021125,COON RAPIDS W-2 P-5,3
021710,FRIDLEY W-2 P-2,3
021925,HAM LAKE P-5,3
022305,LINWOOD P-1,3
022810,RAMSEY W-3 P-2,3
022910,RAMSEY W-4 P-2,3
023110,SPRING LAKE PARK P-2,3
040025,BEMIDJI W-2,3
040030,BEMIDJI W-3 P-1,3
040090,GRANT VALLEY TWP,3
040145,LIBERTY TWP,3
040170,NORTHERN TWP P 01,3
050111,SAUK RAPIDS P-4,3
070100,MANKATO W-05 P-01,3
070106,MANKATO W-05 P-03,3
070130,MANKATO W-03 P-08,3
070142,MANKATO W-04 P-10A,3
070197,MANKATO TWP P-2,3
080085,NEW ULM W-1 P-2,3
080105,NEW ULM W-3 P-2,3
090045,CLOQUET W-2,3
090110,MOOSE LAKE,3
100020,CHANHASSEN P-1A,3
110215,PONTO LAKE TWP,3
130050,LENT TWP,3
130066,NORTH BRANCH P-C,3
130067,NORTH BRANCH P-A,3
130095,SUNRISE TWP,3
140190,MOORHEAD CITY W-3 P-6B,3
140210,MOORHEAD CITY W-4 P-10,3
170140,WINDOM W-2 P-1,3
180006,BAXTER P1W,3
180008,BAXTER P2W,3
180010,BAY LAKE TWP,3
180020,BRAINERD W-2 P-1,3
180035,BRAINERD W-3 P-1,3
180050,BRAINERD W-4 P-2,3
180075,CROSSLAKE CITY,3
180080,CROW WING TWP P-1,3
180155,IDEAL TWP,3
180190,LAKE EDWARD TWP,3
180220,NISSWA CITY,3
191010,APPLE VALLEY P-01,3
191040,APPLE VALLEY P-04,3
191055,APPLE VALLEY P-5B,3
191330,BURNSVILLE P-13,3
191340,BURNSVILLE P-14,3
191770,EAGAN P-07,3
191850,EAGAN P-15,3
192310,GREENVALE TWP,3
192630,HASTINGS W-2 P-1,3
192640,HASTINGS W-3 P-1,3
192980,LAKEVILLE P-08,3
193010,LAKEVILLE P-11,3
193030,LAKEVILLE P-13,3
194210,ROSEMOUNT P-1,3
194260,ROSEMOUNT P-6,3
194810,WATERFORD TWP,3
194950,WEST ST PAUL W-2 P-2,3
194970,WEST ST PAUL W-3 P-1,3
194980,WEST ST PAUL W-3 P-2,3
210030,ALEXANDRIA TWP.,3
210155,OSAKIS CITY,3
220065,ELMORE,3
230140,PRESTON,3
230160,RUSHFORD VILLAGE,3
240045,ALBERT LEA W-5 P-1,3
240090,CLARKS GROVE,3
250140,RED WING W-3 P-1,3
250145,RED WING W-3 P-2,3
250190,WANAMINGO,3
270035,BLOOMINGTON W-1 P-15,3
270050,BLOOMINGTON W-2 P-21,3
270071,BLOOMINGTON W-2 P-27,3
270075,BLOOMINGTON W-3 P-05,3
270132,BLOOMINGTON W-4 P-32,3
270315,BROOKLYN PARK W-C P-4,3
270355,BROOKLYN PARK W-E P-3,3
270500,CORCORAN P-01,3
270560,CRYSTAL W-2 P-01,3
270565,CRYSTAL W-2 P-02,3
270575,CRYSTAL W-3 P-02,3
270645,DAYTON P-02,3
270695,EDEN PRAIRIE P-02,3
270700,EDEN PRAIRIE P-03,3
270715,EDEN PRAIRIE P-06,3
270720,EDEN PRAIRIE P-07,3
270740,EDEN PRAIRIE P-11,3
270870,EDINA P-04,3
270875,EDINA P-05,3
270890,EDINA P-08,3
270900,EDINA P-10C,3
270920,EDINA P-14,3
270945,EDINA P-19C,3
271010,GOLDEN VALLEY P-5,3
271015,GOLDEN VALLEY P-6,3
271050,GREENFIELD P-01,3
271110,HOPKINS P-01,3
271125,HOPKINS P-04,3
271195,MAPLE GROVE P-02,3
271255,MAPLE GROVE P-14,3
271265,MAPLE GROVE P-16,3
271280,MAPLE GROVE P-19,3
271285,MAPLE GROVE P-20,3
271290,MAPLE GROVE P-21,3
271410,MINNEAPOLIS W-2 P-01,3
271430,MINNEAPOLIS W-2 P-05,3
271490,MINNEAPOLIS W-3 P-07,3
271650,MINNEAPOLIS W-7 P-02D,3
271675,MINNEAPOLIS W-7 P-07,3
271690,MINNEAPOLIS W-7 P-10,3
271730,MINNEAPOLIS W-8 P-07,3
271775,MINNEAPOLIS W-9 P-06,3
271815,MINNEAPOLIS W-10 P-03A,3
271830,MINNEAPOLIS W-10 P-06,3
271835,MINNEAPOLIS W-10 P-07,3
271855,MINNEAPOLIS W-10 P-11,3
271920,MINNEAPOLIS W-12 P-04,3
271925,MINNEAPOLIS W-12 P-05,3
271945,MINNEAPOLIS W-12 P-09,3
272130,MINNETONKA W-2 P-C,3
272140,MINNETONKA W-2 P-E,3
272170,MINNETONKA W-3 P-F,3
272185,MINNETONKA W-4 P-A,3
272200,MINNETONKA W-4 P-D,3
272230,MINNETONKA BEACH P-01,3
272248,MINNETRISTA P-4A,3
272300,NEW HOPE P-03,3
272310,NEW HOPE P-04,3
272315,NEW HOPE P-05,3
272360,ORONO P-02,3
272410,PLYMOUTH W-1 P-03,3
272455,PLYMOUTH W-2 P-12,3
272460,PLYMOUTH W-3 P-13,3
272475,PLYMOUTH W-3 P-16,3
272495,PLYMOUTH W-4 P-20,3
272500,PLYMOUTH W-4 P-21,3
272510,PLYMOUTH W-4 P-23,3
272790,ST LOUIS PARK W-1 P-01,3
272810,ST LOUIS PARK W-2 P-05,3
272825,ST LOUIS PARK W-2 P-08,3
272850,ST LOUIS PARK W-4 P-13,3
272865,ST LOUIS PARK W-4 P-16,3
280025,CALEDONIA P-2,3
290005,AKELEY,3
290035,FARDEN TWP. P-1,3
290120,PARK RAPIDS P-1,3
290125,ROCKWOOD TWP.,3
290140,STRAIGHT RIVER TWP.,3
300025,CAMBRIDGE TWP,3
300030,DALBO TWP,3
300070,STANCHFIELD TWP,3
300075,STANFORD TWP,3
310035,BASS LAKE PREC,3
310145,GRAND RAPIDS P-2,3
310155,GRAND RAPIDS P-4,3
310200,HARRIS TWP,3
310247,MARBLE,3
310280,NASHWAUK,3
310350,TROUT LAKE TWP,3
330010,ARTHUR TWP.,3
340110,NEW LONDON,3
340125,PENNOCK,3
340135,RAYMOND,3
340160,SPICER,3
340195,WILLMAR W-2 P-2,3
340215,WILLMAR W-3 P-3,3
340225,WILLMAR W-4 P-2,3
350045,HALLOCK,3
360050,INTERNATIONAL FALLS - EAST WARD,3
360185,NORTHWEST KOOCHICHING,3
370095,MADISON,3
370125,MAXWELL TWP.,3
380060,SILVER CREEK,3
400005,CLEVELAND,3
400090,MONTGOMERY,3
400130,WATERVILLE,3
420125,MINNEOTA,3
440055,MAHNOMEN,3
460055,FAIRMONT W-2 P-2,3
470035,DANIELSON TWP.,3
470115,LITCHFIELD W-3,3
470120,LITCHFIELD W-4,3
480115,PRINCETON TWP.,3
490125,LITTLE FALLS W-2,3
500055,AUSTIN W-3 P-2,3
500215,WALTHAM TWP.,3
510060,FULDA,3
520005,BELGRADE TOWNSHIP,3
520120,ST PETER W-1 P-1,3
520130,ST PETER W-2 P-1,3
530005,ADRIAN,3
530150,WORTHINGTON W-1 P-1,3
530170,WORTHINGTON W-2 P-1,3
530180,WORTHINGTON W-2 P-3,3
550112,ROCHESTER W1 P9,3
550124,ROCHESTER W2 P2,3
550126,ROCHESTER W2 P3,3
550128,ROCHESTER W2 P4,3
550146,ROCHESTER W3 P4,3
550150,ROCHESTER W3 P6,3
550166,ROCHESTER W4 P7,3
550180,ROCHESTER W5 P5,3
550184,ROCHESTER W5 P7,3
550200,ROCHESTER W6 P4,3
560170,FERGUS FALLS W-1 P-1,3
560175,FERGUS FALLS W-1 P-2,3
560185,FERGUS FALLS W-2 P-2,3
560190,FERGUS FALLS W-3 P-1,3
560260,LEAF LAKE TWP,3
560355,PELICAN RAPIDS,3
580020,BARRY TWP.,3
600070,CROOKSTON W-2,3
600080,CROOKSTON W-4,3
600140,EAST GRAND FORKS W-4,3
600210,FOSSTON CITY,3
620170,MAPLEWOOD P-05,3
620230,MAPLEWOOD P-11,3
620240,MAPLEWOOD P-12,3
620335,NEW BRIGHTON P-2,3
620355,NEW BRIGHTON P-6,3
620380,NORTH OAKS P-2,3
620400,NORTH ST. PAUL P-2,3
620430,ROSEVILLE P-01,3
620610,ST. PAUL W-1 P-08,3
620710,ST. PAUL W-2 P-04,3
620910,ST. PAUL W-3 P-08,3
621020,ST. PAUL W-4 P-03,3
621050,ST. PAUL W-4 P-06,3
621160,ST. PAUL W-5 P-01,3
621290,ST. PAUL W-6 P-01,3
621470,ST. PAUL W-7 P-05,3
621530,ST. PAUL W-7 P-11,3
621550,ST. PAUL W-7 P-13,3
621710,WHITE BEAR TWP P-2,3
621720,WHITE BEAR TWP P-3,3
621760,WHITE BEAR LAKE W-3 P-1,3
650060,DANUBE,3
650160,SACRED HEART,3
660095,NORTHFIELD W-2 P-2,3
660114,NORTHFIELD W-4 P-2,3
680155,ROSEAU,3
680195,WARROAD,3
690115,CLINTON TWP.,3
690150,DULUTH P-3,3
690165,DULUTH P-6,3
690195,DULUTH P-11,3
690270,DULUTH P-24,3
690280,DULUTH P-26,3
690435,DULUTH TWP.,3
690510,FAYAL TWP.,3
690540,FREDENBERG TWP.,3
690565,GNESEN TWP.,3
690605,HERMANTOWN P-3,3
690630,HIBBING W-3 P-A,3
690640,HIBBING W-4 P-A,3
690735,HOYT LAKES,3
690805,MIDWAY TWP.,3
690825,MOUNTAIN IRON P-2,3
690895,PROCTOR,3
690910,RICE LAKE,3
700084,PRIOR LAKE P-2,3
700110,SAVAGE P-2,3
700112,SAVAGE P-4,3
700117,SAVAGE P-8,3
700135,SHAKOPEE P-5,3
700138,SHAKOPEE P-8,3
700150,SHAKOPEE P-10,3
710020,BIG LAKE CITY P-01,3
710022,BIG LAKE CITY P-02,3
710080,PALMER TWP,3
710150,LIVONIA TWP P2,3
720015,ARLINGTON TWP.,3
720120,WINTHROP CITY,3
730027,AVON TWP P-2,3
730035,BROCKWAY TWP,3
730050,COLLEGEVILLE TWP P1,3
730215,PAYNESVILLE TWP,3
730255,ST AUGUSTA,3
730280,ST CLOUD W1 P5,3
730290,ST CLOUD W1 P7,3
730312,ST CLOUD W3 P4,3
730414,SARTELL P-7,3
730416,SARTELL P-1,3
730417,SARTELL P-6,3
730419,SARTELL P-4,3
730445,WAKEFIELD TWP,3
740015,BLOOMING PRAIRIE,3
740075,OWATONNA W-1 P-2,3
740085,OWATONNA W-2 P-1,3
740090,OWATONNA W-2 P-2,3
740100,OWATONNA W-3 P-1,3
740130,OWATONNA W-5 P-1,3
750015,CHOKIO,3
750035,ELDORADO TWP.,3
750050,HANCOCK,3
750075,MORRIS P-2A,3
770010,BERTHA,3
790120,PLAINVIEW P-1,3
790140,WABASHA W-1,3
800100,WADENA P-1,3
810050,NEW RICHLAND CITY,3
810105,WASECA W-3 P-B,3
820050,COTTAGE GROVE P-03,3
820055,COTTAGE GROVE P-04,3
820095,DELLWOOD,3
820115,FOREST LAKE P-3,3
820230,OAKDALE P-2,3
820295,ST. PAUL PARK P-3,3
820300,ST. PAUL PARK P-4,3
820310,STILLWATER W-1 P-1,3
820315,STILLWATER W-1 P-2,3
820430,WOODBURY P-12,3
820435,WOODBURY P-13A,3
850125,STOCKTON,3
850185,WINONA W-2 P-3,3
850215,WINONA W-4 P-1,3
850225,WINONA W-4 P-3,3
860007,ALBERTVILLE P-2,3
860010,ALBION TWP,3
860060,COKATO TWP,3
860095,HANOVER P-2,3
860100,HOWARD LAKE,3
860105,MAPLE LAKE,3
860110,MAPLE LAKE TWP P-1A,3
860150,ROCKFORD TWP,3
860185,WAVERLY,3
870050,GRANITE FALLS W-1,3
010175,SHAMROCK TWP,2
010190,TAMARACK,2
020105,ANOKA P-1,2
020115,ANOKA P-3,2
020130,ANOKA P-6,2
020435,BLAINE W-2 P-5,2
020520,BLAINE W-3 P-4,2
021005,COON RAPIDS W-1 P-1,2
021105,COON RAPIDS W-2 P-1,2
021610,FRIDLEY W-1 P-2,2
021620,FRIDLEY W-1 P-4,2
021910,HAM LAKE P-2,2
022220,LINO LAKES P-4,2
022225,LINO LAKES P-5,2
022235,LINO LAKES P-7,2
022405,NOWTHEN P-1A,2
022515,OAK GROVE P-3,2
022705,RAMSEY W-2 P-1,2
030010,AUDUBON,2
030020,BURLINGTON TWP,2
030105,GREEN VALLEY TWP,2
030130,LAKE PARK,2
030140,LAKE VIEW TWP,2
030155,OSAGE TWP,2
030160,PINE POINT TWP,2
030170,RICHWOOD TWP,2
040075,ECKLES TWP,2
040105,HINES TWP,2
040160,MOOSE LAKE TWP,2
040250,TEN LAKE TWP,2
040260,TURTLE LAKE TWP,2
040290,WASKISH TWP,2
050050,MAYWOOD TWP,2
050085,ST CLOUD W2 P4,2
050095,SARTELL P-2,2
050110,SAUK RAPIDS P-3,2
060035,CLINTON,2
060050,GRACEVILLE,2
070010,BEAUFORD TWP,2
070045,GARDEN CITY TWP,2
070075,LIME TWP,2
070110,MANKATO W-05 P-04,2
070115,MANKATO W-05 P-05,2
070200,MAPLETON,2
080025,COMFREY,2
080030,COTTONWOOD TWP,2
080060,LEAVENWORTH TWP,2
080090,NEW ULM W-2 P-1,2
080115,NEW ULM W-4 P-2,2
090030,BLACKHOOF TWP,2
090055,CLOQUET W-4,2
090060,CLOQUET W-5 P-1,2
090135,SCANLON,2
090150,SKELTON TWP,2
090170,TWIN LAKES TWP,2
100075,HAMBURG,2
100115,VICTORIA P-1,2
110030,BEULAH TWP,2
110075,CASS LAKE,2
110170,MAPLE TWP,2
110265,SYLVAN TWP,2
110310,WILKINSON TWP,2
110320,WOODROW TWP,2
120070,MILAN,2
120135,WOODS TWP,2
130060,NESSEL TWP,2
130080,SHAFER,2
130085,SHAFER TWP P-A,2
140015,BARNESVILLE CITY W-2,2
140115,HIGHLAND GROVE TWP,2
140240,SABIN CITY,2
150005,BAGLEY CITY,2
150095,NORA TWP,2
160015,GRAND MARAIS WEST PREC 6,2
160025,HOVLAND PREC 2,2
160040,GUNFLINT TRAIL PREC 8,2
170025,CARSON TWP,2
170075,MOUNTAIN LAKE P-1,2
170095,SELMA TWP,2
180025,BRAINERD W-2 P-2,2
180060,CENTER TWP,2
180175,JENKINS CITY,2
180185,BLUE PRECINCT,2
180230,OAK LAWN TWP,2
180295,RED PRECINCT,2
191100,APPLE VALLEY P-10,2
191130,APPLE VALLEY P-13,2
191250,BURNSVILLE P-05,2
191320,BURNSVILLE P-12,2
191410,CASTLE ROCK TWP,2
191710,EAGAN P-01,2
191780,EAGAN P-08,2
192010,EMPIRE TWP,2
192510,HAMPTON TWP,2
192610,HASTINGS W-1 P-2,2
192645,HASTINGS W-3 P-2,2
192740,INVER GROVE HTS P-04,2
192940,LAKEVILLE P-04,2
192990,LAKEVILLE P-09,2
193020,LAKEVILLE P-12,2
193210,MARSHAN TWP,2
193410,MENDOTA HTS P-1,2
193420,MENDOTA HTS P-2,2
193430,MENDOTA HTS P-3,2
194110,RAVENNA TWP,2
194510,SUNFISH LAKE,2
200050,KASSON P-1,2
200052,KASSON P-3,2
200055,MANTORVILLE,2
200090,WESTFIELD TWP.,2
210005,ALEXANDRIA W-1 P-1,2
210007,ALEXANDRIA W-1 P-2,2
210020,ALEXANDRIA W-4,2
210055,CARLOS TWP.,2
210130,MILTONA CITY,2
220020,BLUE EARTH W-3,2
220040,CLARK TWP.,2
220110,MINNESOTA LAKE,2
230005,AMHERST TWP.,2
230055,CHATFIELD TWP.,2
230060,FILLMORE TWP.,2
230070,FOUNTAIN,2
230080,HARMONY,2
230115,NORWAY TWP.,2
230155,RUSHFORD,2
230165,SPRING VALLEY,2
230175,SPRING VALLEY TWP.,2
240005,ALBERT LEA W-1 P-1,2
240060,ALBERT LEA TWP. P-1,2
240115,FREEMAN TWP.,2
240170,MANCHESTER TWP.,2
240215,SHELL ROCK TWP.,2
250090,LEON TWP.,2
250155,RED WING W-4 P-1,2
250180,VASA TWP.,2
250200,WARSAW TWP.,2
250215,ZUMBROTA P-2,2
260105,SANFORD TWP,2
270005,BLOOMINGTON W-1 P-07,2
270036,BLOOMINGTON W-1 P-30,2
270070,BLOOMINGTON W-2 P-26,2
270090,BLOOMINGTON W-3 P-18,2
270095,BLOOMINGTON W-3 P-19,2
270100,BLOOMINGTON W-3 P-20,2
270335,BROOKLYN PARK W-C P-8,2
270362,BROOKLYN PARK W-E P-4O,2
270420,BROOKLYN PARK W-W P-6,2
270555,CRYSTAL W-1 P-02,2
270557,CRYSTAL W-1 P-03,2
270567,CRYSTAL W-2 P-03,2
270570,CRYSTAL W-3 P-01,2
270585,CRYSTAL W-4 P-01,2
270680,DEEPHAVEN P-02,2
270690,EDEN PRAIRIE P-01,2
270710,EDEN PRAIRIE P-05,2
270775,EDEN PRAIRIE P-18,2
270850,EDINA P-01A,2
270880,EDINA P-06,2
270915,EDINA P-13,2
270930,EDINA P-16,2
270935,EDINA P-17,2
270965,EXCELSIOR P-01,2
271005,GOLDEN VALLEY P-4,2
271020,GOLDEN VALLEY P-7,2
271215,MAPLE GROVE P-06,2
271220,MAPLE GROVE P-07,2
271245,MAPLE GROVE P-12,2
271250,MAPLE GROVE P-13,2
271260,MAPLE GROVE P-15,2
271350,MEDINA P-1A,2
271365,MINNEAPOLIS W-1 P-02,2
271400,MINNEAPOLIS W-1 P-09,2
271425,MINNEAPOLIS W-2 P-04,2
271440,MINNEAPOLIS W-2 P-07,2
271450,MINNEAPOLIS W-2 P-09,2
271480,MINNEAPOLIS W-3 P-05,2
271495,MINNEAPOLIS W-3 P-08,2
271502,MINNEAPOLIS W-3 P-11,2
271615,MINNEAPOLIS W-6 P-03,2
271635,MINNEAPOLIS W-6 P-07,2
271642,MINNEAPOLIS W-6 P-09,2
271645,MINNEAPOLIS W-7 P-01C,2
271655,MINNEAPOLIS W-7 P-03,2
271660,MINNEAPOLIS W-7 P-04D,2
271750,MINNEAPOLIS W-9 P-01,2
271870,MINNEAPOLIS W-11 P-03,2
271940,MINNEAPOLIS W-12 P-08,2
271995,MINNEAPOLIS W-13 P-08,2
272020,MINNEAPOLIS W-13 P-13,2
272095,MINNETONKA W-1 P-B,2
272100,MINNETONKA W-1 P-C,2
272115,MINNETONKA W-1 P-F,2
272145,MINNETONKA W-3 P-A,2
272165,MINNETONKA W-3 P-E,2
272240,MINNETRISTA P-1A,2
272290,NEW HOPE P-01,2
272320,NEW HOPE P-06,2
272330,NEW HOPE P-07,2
272335,NEW HOPE P-08,2
272370,ORONO P-4A,2
272385,OSSEO P-01,2
272415,PLYMOUTH W-1 P-04,2
272425,PLYMOUTH W-1 P-06,2
272450,PLYMOUTH W-2 P-11,2
272505,PLYMOUTH W-4 P-22,2
272730,SHOREWOOD P-3,2
272765,ST ANTHONY P-01,2
272780,ST BONIFACIUS P-01,2
272800,ST LOUIS PARK W-1 P-03,2
272805,ST LOUIS PARK W-1 P-04,2
272830,ST LOUIS PARK W-3 P-09,2
272840,ST LOUIS PARK W-3 P-11,2
272900,TONKA BAY P-01,2
280045,HOKAH,2
280076,LA CRESCENT P-3,2
290055,HELGA TWP.,2
300045,MAPLE RIDGE TWP,2
310010,ARBO TWP,2
310030,COHASSET,2
310045,BIGFORK,2
310151,GRAND RAPIDS P-3,2
310227,LAPRAIRIE P-6,2
310260,MCLEOD PREC,2
310338,TACONITE P-2,2
310340,SUGAR LAKE PREC,2
320015,BELMONT TWP.,2
320045,HERON LAKE,2
320060,JACKSON W-1,2
320095,LAKEFIELD P-2,2
320115,PETERSBURG TWP.,2
330020,BRUNSWICK TWP.,2
330025,COMFORT TWP.,2
340010,ATWATER,2
340025,COLFAX TWP.,2
340060,HARRISON TWP.,2
340175,WILLMAR W-1 P-1,2
340205,WILLMAR W-3 P-1,2
340220,WILLMAR W-4 P-1,2
340230,WILLMAR W-4 P-3,2
350015,CARIBOU TWP,2
350085,KARLSTAD,2
350120,PELAN TWP,2
360060,INTERNATIONAL FALLS - WEST WARD,2
370075,HANTHO TWP.,2
380080,TWO HARBORS W-2,2
380105,TWO HARBORS W-4,2
400020,DERRYNANE TWP.,2
400045,KASOTA TWP. P-1,2
400062,LANESBURGH TWP.,2
400085,LEXINGTON TWP.,2
400110,OTTAWA TWP.,2
410055,LAKE BENTON,2
420015,CLIFTON TWP,2
430030,GLENCOE CITY P-1,2
430060,HASSAN VALLEY TOWNSHIP,2
430100,LESTER PRAIRIE CITY,2
440085,TWIN LAKES TWP,2
460020,DUNNELL,2
460065,FAIRMONT W-3 P-1,2
460070,FAIRMONT W-3 P-2,2
460080,FAIRMONT W-4 P-1,2
470065,ELLSWORTH TWP.,2
470080,GREENLEAF TWP.,2
470100,KINGSTON TWP.,2
470110,LITCHFIELD W-2,2
470130,LITCHFIELD TWP.,2
480015,BORGHOLM TWP.,2
480050,ISLE,2
480095,ONAMIA TWP.,2
480125,WAHKON,2
490145,MOTLEY,2
490220,SCANDIA VALLEY TOWNSHIP,2
500070,AUSTIN TWP.,2
500080,BROWNSDALE,2
500120,LANSING TWP.,2
500185,ROSE CREEK,2
500195,SARGEANT TWP.,2
510135,SLAYTON CITY,2
520070,NORTH MANKATO P-1,2
520100,NORTH MANKATO P-7,2
530015,BIGELOW TWP.,2
530185,WORTHINGTON W-2 P-4,2
540050,GREEN MEADOW TWP.,2
550010,CASCADE TWP. P-1,2
550020,DOVER,2
550035,EYOTA,2
550060,KALMAR TWP.,2
550070,NEW HAVEN TWP.,2
550095,QUINCY TWP.,2
550098,ROCHESTER W1 P2,2
550104,ROCHESTER W1 P5,2
550114,ROCHESTER W1 P10,2
550144,ROCHESTER W3 P3,2
550160,ROCHESTER W4 P4,2
550164,ROCHESTER W4 P6,2
550196,ROCHESTER W6 P2,2
560085,DANE PRAIRIE TWP,2
560115,DUNN TWP,2
560165,EVERTS TWP,2
560200,FERGUS FALLS W-4 P-1,2
560405,SVERDRUP TWP,2
570120,THIEF RIVER FALLS (1A),2
570125,THIEF RIVER FALLS (1B),2
570150,THIEF RIVER FALLS (3A),2
570180,THIEF RIVER FALLS (5),2
580105,HINCKLEY,2
580110,HINCKLEY TWP.,2
580230,WILLOW RIVER,2
600110,EAST GRAND FORKS W-1,2
600150,EAST GRAND FORKS W-5,2
600200,FISHER CITY,2
610010,BARSNESS TWP.,2
610015,BEN WADE TWP.,2
610030,CYRUS,2
610045,GLENWOOD P-1,2
610105,NORA TWP.,2
620020,ARDEN HILLS P-2,2
620060,FALCON HEIGHTS P-1,2
620070,FALCON HEIGHTS P-2,2
620080,GEM LAKE P-1,2
620210,MAPLEWOOD P-09,2
620440,ROSEVILLE P-02,2
620480,ROSEVILLE P-06,2
620490,ROSEVILLE P-07,2
620510,ROSEVILLE P-09,2
620540,ST. PAUL W-1 P-01,2
620650,ST. PAUL W-1 P-12,2
620680,ST. PAUL W-2 P-01,2
620870,ST. PAUL W-3 P-04,2
620900,ST. PAUL W-3 P-07,2
620920,ST. PAUL W-3 P-09,2
620930,ST. PAUL W-3 P-10,2
621010,ST. PAUL W-4 P-02,2
621090,ST. PAUL W-4 P-10,2
621450,ST. PAUL W-7 P-03,2
621640,SHOREVIEW P-6,2
621660,VADNAIS HEIGHTS P-1,2
621690,VADNAIS HEIGHTS P-4,2
621700,WHITE BEAR TWP P-1,2
630050,OKLEE,2
640090,NEW AVON TWP.,2
640115,REDWOOD FALLS W-2,2
640200,WALNUT GROVE,2
650020,BIRD ISLAND,2
660065,MORRISTOWN,2
660080,NORTHFIELD W-1 P-1,2
660085,NORTHFIELD W-1 P-2,2
660142,WEBSTER TWP. P-2,2
660145,WELLS TWP.,2
660150,WHEATLAND TWP.,2
680070,HEREIM TOWNSHIP,2
680115,MORANVILLE TOWNSHIP,2
680160,ROSS TOWNSHIP,2
680175,SPRUCE TOWNSHIP,2
690065,BREITUNG TWP.,2
690070,BREVATOR TWP.,2
690160,DULUTH P-5,2
690300,DULUTH P-30,2
690550,GILBERT,2
690600,HERMANTOWN P-2,2
690750,INDUSTRIAL TWP.,2
690815,MORSE TWP.,2
690940,TOWER P-1,2
691040,VIRGINIA P-1,2
691055,VIRGINIA P-4,2
691060,VIRGINIA P-5,2
691125,WAASA TWP.,2
700020,CEDAR LAKE TWP.,2
700045,JACKSON TWP.,2
700160,SPRING LAKE TWP,2
710005,BALDWIN TWP P2,2
710040,CLEAR LAKE TWP,2
710045,ELK RIVER W1 P1A,2
710050,ELK RIVER W2 P2A,2
710065,HAVEN TWP,2
710120,BIG LAKE TWP P2,2
710121,BIG LAKE TWP P3,2
710130,ELK RIVER W1 P1B,2
720010,ARLINGTON,2
730020,AVON,2
730045,COLD SPRING,2
730085,FAIR HAVEN TWP,2
730090,FARMING TWP,2
730192,MUNSON TWP P-2,2
730275,ST CLOUD W1 P4,2
730315,ST CLOUD W3 P5,2
730320,ST CLOUD W3 P7,2
730330,ST CLOUD W4 P1,2
730335,ST CLOUD W4 P2,2
730380,ST JOSEPH P1,2
730385,ST JOSEPH P2,2
730390,ST JOSEPH TWP,2
730415,SARTELL P-5,2
730418,SARTELL P-3,2
730441,WAITE PARK P2,2
740010,BERLIN TWP.,2
740150,SOMERSET TWP.,2
740155,SUMMIT TWP.,2
750081,MORRIS P-3B,2
760005,APPLETON,2
760015,BENSON P-1,2
760020,BENSON P-2,2
770030,BRUCE TWP,2
770050,CLARISSA,2
770150,REYNOLDS TWP,2
780060,TARA TWP.,2
790015,ELGIN CITY,2
790030,GLASGOW TWP.,2
790075,LAKE CITY P-3,2
790125,PLAINVIEW P-2,2
790145,WABASHA W-2,2
800055,NORTH GERMANY TWP.,2
800090,THOMASTOWN TWP.,2
800105,WADENA P-2,2
800120,WADENA TWP.,2
810025,FREEDOM TWP.,2
810085,WASECA W-1 P-B,2
820020,AFTON W-4 P-1,2
820035,BIRCHWOOD VILLAGE CITY,2
820120,FOREST LAKE P-4,2
820155,HUGO W-2 P-2B,2
820190,LAKE ST. CROIX BEACH,2
820200,MAHTOMEDI P-1,2
820215,MAY TWP.,2
820320,STILLWATER W-2 P-3,2
820325,STILLWATER W-2 P-4,2
820405,WOODBURY P-07,2
830075,ODIN TWP,2
830085,RIVERDALE TWP,2
840035,BRECKENRIDGE P-2,2
850035,GOODVIEW P-1,2
850060,LEWISTON,2
850080,NEW HARTFORD TWP,2
850160,WINONA W-1 P-2,2
850175,WINONA W-2 P-1,2
850205,WINONA W-3 P-3,2
850210,WINONA W-3 P-4,2
860031,BUFFALO P-4,2
860035,BUFFALO TWP,2
860050,CLEARWATER TWP,2
860115,MARYSVILLE TWP,2
860175,STOCKHOLM TWP,2
860180,VICTOR TWP,2
870070,HANLEY FALLS,2
010010,AITKIN TWP,1
010040,FARM ISLAND TWP,1
010045,FLEMING TWP,1
010050,GLEN TWP,1
010055,HAUGEN TWP,1
010070,HILL LAKE TWP,1
010085,KIMBERLY TWP,1
010120,MCGREGOR,1
010130,MACVILLE TWP,1
010132,MILLWARD TWP,1
010135,MALMO TWP,1
010180,SPALDING TWP,1
010185,SPENCER TWP,1
010195,TURNER TWP,1
020045,ANDOVER P-9,1
020050,ANDOVER P-10,1
020135,ANOKA P-7,1
020705,CIRCLE PINES P-1,1
020840,COLUMBIA HEIGHTS P-8,1
021905,HAM LAKE P-1,1
022005,HILLTOP P-1,1
022210,LINO LAKES P-2,1
022410,NOWTHEN P-2A,1
022505,OAK GROVE P-1,1
022510,OAK GROVE P-2,1
022520,OAK GROVE P-4,1
022610,RAMSEY W-1 P-2,1
023010,SAINT FRANCIS P-2,1
030015,AUDUBON TWP,1
030050,DETROIT TWP P-1,1
030125,LAKE EUNICE TWP,1
030145,MAPLE GROVE TWP,1
030175,ROUND LAKE TWP,1
030190,SHELL LAKE TWP,1
030215,TOAD LAKE TWP,1
040055,BLACKDUCK,1
040080,FROHN TWP,1
040185,PORT HOPE TWP,1
040270,TURTLE RIVER TWP,1
040295,WILTON,1
050005,ALBERTA TWP,1
050040,LANGOLA TWP,1
050045,MAYHEW LAKE TWP,1
050055,MINDEN TWP P-1,1
050070,ST CLOUD W2 P1,1
050100,SAUK RAPIDS P-1,1
050105,SAUK RAPIDS P-2,1
060005,AKRON TWP,1
060031,BEARDSLEY,1
060070,ODESSA,1
060085,ORTONVILLE P-2,1
060095,PRIOR TWP,1
070015,BUTTERNUT VALLEY TWP,1
070020,CAMBRIA TWP,1
070030,DANVILLE TWP,1
070035,DECORIA TWP,1
070050,GOOD THUNDER,1
070060,JUDSON TWP,1
070070,LE RAY TWP,1
070080,LINCOLN TWP,1
070090,MCPHERSON TWP,1
070095,MADISON LAKE,1
070105,MANKATO W-05 P-02,1
070125,MANKATO W-03 P-07,1
070155,MANKATO W-04 P-13,1
070195,MANKATO TWP P-1,1
070215,PEMBERTON,1
070225,RAPIDAN TWP,1
070235,SHELBY TWP,1
080045,HANSKA,1
080050,HOME TWP,1
080055,LAKE HANSKA TWP,1
080070,MILFORD TWP,1
080080,NEW ULM W-1 P-1,1
080095,NEW ULM W-2 P-2,1
080130,SIGEL TWP,1
080135,SLEEPY EYE W-1,1
080145,SPRINGFIELD W-1,1
090015,BARNUM,1
090020,BARNUM TWP,1
090025,BESEMAN TWP,1
090035,CARLTON,1
090065,CLOQUET W-5 P-2,1
090068,CLEAR CREEK UNORG,1
090075,CROMWELL,1
090105,MAHTOWA TWP,1
090125,RED CLOVER UNORG,1
090140,SILVER BROOK TWP,1
090175,WRENSHALL,1
100065,COLOGNE,1
100070,DAHLGREN TWP P-1,1
100080,HANCOCK TWP,1
100095,MAYER,1
100110,SAN FRANCISCO TWP,1
100117,VICTORIA P-2,1
100140,WATERTOWN TWP,1
110020,BECKER TWP,1
110060,BULL MOOSE TWP,1
110065,BUNGO TWP,1
110090,DEERFIELD TWP,1
110095,EAST GULL LAKE,1
110110,GOULD TWP,1
110125,HOME BROOK TWP,1
110140,LAKE SHORE,1
110195,PILLAGER,1
110200,PINE LAKE TWP,1
110205,PINE RIVER,1
110210,PINE RIVER TWP,1
110252,SHINGOBEE TWP P-2,1
110270,THUNDER LAKE TWP,1
110275,TORREY TWP,1
110280,TRELIPE TWP,1
110315,WILSON TWP,1
120015,CRATE TWP,1
120035,HAVELOCK TWP,1
120115,SPARTA TWP,1
130005,AMADOR TWP,1
130025,CHISAGO LAKE TWP (N),1
130045,HARRIS,1
130100,TAYLORS FALLS,1
140085,GLYNDON CITY,1
140180,MOORHEAD CITY W-2 P-5B,1
140195,MOORHEAD CITY W-3 P-7,1
140212,MOORHEAD CITY W-4 P-11,1
140250,SPRING PRAIRIE TWP,1
140260,ULEN CITY,1
150015,CLEARBROOK CITY,1
150025,COPLEY TWP,1
150035,EDDY TWP,1
150045,GONVICK CITY,1
150060,HOLST TWP,1
150070,LA PRAIRIE TWP,1
150080,LEONARD CITY,1
150085,MINERVA TWP,1
160005,COLVILL PREC 3,1
160020,GRAND PORTAGE PREC 1,1
160035,LUTSEN PREC 10,1
160065,MAPLE HILL PREC 8A,1
170055,HIGHWATER TWP,1
170130,WINDOM W-1 P-1,1
180015,BRAINERD W-1 P-1,1
180016,BRAINERD W-1 P-2,1
180040,BRAINERD W-3 P-2,1
180095,WHITE PRECINCT,1
180105,DEERWOOD CITY,1
180145,GARRISON CITY,1
180150,GARRISON TWP,1
180195,LITTLE PINE TWP,1
180200,LONG LAKE TWP,1
180225,NOKAY LAKE TWP,1
180250,PLATTE LAKE TWP,1
180290,WOLFORD TWP,1
191270,BURNSVILLE P-07,1
191610,DOUGLAS TWP,1
191820,EAGAN P-12,1
191840,EAGAN P-14,1
192110,EUREKA TWP,1
192950,LAKEVILLE P-05,1
192960,LAKEVILLE P-06,1
193080,LAKEVILLE P-18,1
193510,MIESVILLE,1
193610,NEW TRIER,1
194250,ROSEMOUNT P-5,1
194610,VERMILLION CITY,1
200010,CANISTEO TWP.,1
200032,DODGE CENTER P-2,1
200060,MANTORVILLE TWP.,1
200065,MILTON TWP.,1
210025,ALEXANDRIA W-5 P-1,1
210027,ALEXANDRIA W-5 P-2,1
210035,BELLE RIVER TWP.,1
210040,BRANDON CITY,1
210045,BRANDON TWP.,1
210080,HOLMES CITY TWP.,1
210085,HUDSON TWP.,1
210095,KENSINGTON,1
210105,LAKE MARY TWP.,1
210125,MILLERVILLE TWP.,1
210160,OSAKIS TWP.,1
220015,BLUE EARTH W-2,1
220025,BLUE EARTH TWP.,1
220050,DELAVAN TWP.,1
220070,ELMORE TWP.,1
220095,KIESTER,1
220100,KIESTER TWP.,1
220125,PRESCOTT TWP.,1
220145,WALNUT LAKE TWP.,1
230025,BRISTOL TWP.,1
230030,CANTON,1
230090,HOLT TWP.,1
230100,LANESBORO,1
230105,MABEL,1
230125,PETERSON,1
230150,PRESTON TWP.,1
240075,BANCROFT TWP.,1
240080,BATH TWP.,1
240100,EMMONS,1
240105,FREEBORN,1
240120,GENEVA,1
240145,HAYWARD,1
240165,MANCHESTER,1
240175,MANSFIELD TWP.,1
250020,CANNON FALLS P-1,1
250035,CHERRY GROVE TWP.,1
250050,FLORENCE TWP.,1
250055,GOODHUE,1
250085,LAKE CITY,1
250095,MINNEOLA TWP.,1
250115,RED WING W-1 P-2,1
250160,RED WING W-4 P-2,1
250205,WELCH TWP.,1
260010,BARRETT,1
260015,DELAWARE TWP,1
260020,ELBOW LAKE,1
260025,ELBOW LAKE TWP,1
260030,ELK LAKE TWP,1
260035,ERDAHL TWP,1
260065,LIEN TWP,1
260090,PELICAN LAKE TWP,1
270085,BLOOMINGTON W-3 P-17,1
270365,BROOKLYN PARK W-E P-5,1
270510,CORCORAN P-03,1
270785,EDEN PRAIRIE P-19B,1
270905,EDINA P-11,1
271065,GREENWOOD P-01,1
271080,HANOVER P-1,1
271130,HOPKINS P-05,1
271160,LONG LAKE P-01,1
271235,MAPLE GROVE P-10,1
271295,MAPLE GROVE P-22,1
271385,MINNEAPOLIS W-1 P-06,1
271504,MINNEAPOLIS W-3 P-13,1
271595,MINNEAPOLIS W-5 P-09,1
271605,MINNEAPOLIS W-6 P-01,1
271725,MINNEAPOLIS W-8 P-06,1
271770,MINNEAPOLIS W-9 P-05,1
271825,MINNEAPOLIS W-10 P-05A,1
271900,MINNEAPOLIS W-11 P-09,1
271935,MINNEAPOLIS W-12 P-07,1
271955,MINNEAPOLIS W-12 P-11,1
271965,MINNEAPOLIS W-13 P-02,1
271970,MINNEAPOLIS W-13 P-03,1
271975,MINNEAPOLIS W-13 P-04,1
272005,MINNEAPOLIS W-13 P-10,1
272015,MINNEAPOLIS W-13 P-12,1
272105,MINNETONKA W-1 P-D,1
272110,MINNETONKA W-1 P-E,1
272135,MINNETONKA W-2 P-D,1
272205,MINNETONKA W-4 P-E,1
272245,MINNETRISTA P-2A,1
272365,ORONO P-3A,1
272435,PLYMOUTH W-2 P-08,1
272480,PLYMOUTH W-3 P-17,1
272490,PLYMOUTH W-4 P-19,1
272695,ROCKFORD P-01,1
272755,SPRING PARK P-01,1
280005,BLACK HAMMER TWP.,1
280010,BROWNSVILLE,1
280015,BROWNSVILLE TWP.,1
280065,JEFFERSON TWP.,1
280080,LA CRESCENT TWP.,1
280090,MONEY CREEK TWP.,1
280095,MOUND PRAIRIE TWP.,1
280105,SPRING GROVE,1
280115,UNION TWP.,1
280120,WILMINGTON TWP.,1
280125,WINNEBAGO TWP.,1
290010,AKELEY TWP.,1
290022,CLAY TWP.,1
290045,GUTHRIE TWP.,1
290060,HENDRICKSON TWP.,1
290070,HUBBARD TWP.,1
290080,LAKE EMMA TWP.,1
290085,LAKE GEORGE TWP.,1
290090,LAKE HATTIE TWP.,1
290110,NEVIS,1
290122,PARK RAPIDS P-2,1
290135,STEAMBOAT RIVER TWP. P-1,1
290150,TODD TWP. P-1,1
290155,WHITE OAK TWP.,1
300015,BRAHAM CITY,1
300040,ISANTI TWP,1
300050,NORTH BRANCH TWP,1
300060,SPENCER BROOK TWP,1
310015,ARDENHURST TWP,1
310050,BIGFORK TWP,1
310055,BLACKBERRY TWP,1
310060,BOVEY,1
310101,DEER RIVER TWP P-2,1
310130,GOODLAND TWP,1
310135,GRAN PREC,1
310240,LONE PINE TWP,1
310249,MARCELL TWP,1
310339,TACONITE P-1,1
310355,WABANA TWP,1
310360,WARBA,1
320020,CHRISTIANIA TWP.,1
320090,LAKEFIELD P-1,1
320120,ROST TWP.,1
320135,WEIMER TWP.,1
330045,HAY BROOK TWP.,1
330060,KNIFE LAKE TWP.,1
330065,KROSCHEL TWP.,1
330080,OGILVIE,1
330085,PEACE TWP.,1
330105,WHITED TWP.,1
340005,ARCTANDER TWP.,1
340015,BLOMKEST,1
340070,IRVING TWP.,1
340075,KANDIYOHI,1
340115,NEW LONDON TWP.,1
340120,NORWAY LAKE TWP.,1
340200,WILLMAR W-2 P-3,1
350005,ARVESON TWP,1
350095,LAKE BRONSON,1
350100,LANCASTER,1
360055,INTERNATIONAL FALLS - CENTER WARD,1
360075,KOOCHICHING POLL 1,1
360100,MIZPAH CITY,1
360120,RANIER P-E,1
360140,SCARLETT PRECINCT,1
360180,CENTRAL KOOCHICHING,1
370025,BELLINGHAM,1
370045,DAWSON,1
370085,LAKE SHORE TWP.,1
370090,LOUISBURG,1
370145,PROVIDENCE TWP.,1
380020,BEAVER BAY TWP. P-4,1
380025,CRYSTAL BAY P-1,1
380035,FALL LAKE TWP.,1
380040,SILVER BAY P-1,1
380070,TWO HARBORS W-1,1
380120,UNORG TERR NO 2 PREC 2,1
390015,0015 - 2-A GUDRID UNORG,1
390031,0031 - 3-C S MCDOUGALD UNORG,1
390050,0050 - 5-A UNORG,1
400010,CLEVELAND TWP.,1
400015,CORDOVA TWP.,1
400047,KASOTA TWP. P-2,1
400065,LE CENTER,1
400125,WASHINGTON TWP.,1
410005,ALTA VISTA TWP,1
410020,DIAMOND LAKE TWP,1
410035,HENDRICKS,1
410050,IVANHOE,1
410090,SHAOKATAN TWP,1
410095,TYLER,1
420025,COTTONWOOD,1
420080,LYND,1
420085,LYND TWP,1
420145,RUSSELL,1
420170,TRACY,1
430005,ACOMA TOWNSHIP,1
430010,BERGEN TOWNSHIP,1
430015,BISCAY CITY,1
430025,COLLINS TOWNSHIP,1
430045,GLENCOE CITY P-4,1
430050,GLENCOE TOWNSHIP,1
430055,HALE TOWNSHIP,1
430065,HELEN TOWNSHIP,1
430095,HUTCHINSON TOWNSHIP,1
430120,RICH VALLEY TOWNSHIP,1
430135,STEWART CITY,1
430145,WINSTED CITY,1
440005,BEAULIEU TWP,1
440025,CLOVER TWP,1
440045,LA GARDE TWP,1
440060,MARSH CREEK TWP,1
440065,OAKLAND TWP,1
440070,PEMBINA TWP,1
440080,ROSEDALE TWP,1
450015,ALVARADO,1
450130,LINCOLN TWP.,1
450150,MIDDLE RIVER,1
450175,NEWFOLDEN,1
450225,STEPHEN,1
450250,VEGA TWP.,1
450295,WHITEFORD TWP.,1
460025,EAST CHAIN TWP.,1
460085,FAIRMONT W-4 P-2,1
460165,RUTLAND TWP.,1
460170,SHERBURN,1
460185,TRIMONT,1
460205,WELCOME,1
460210,WESTFORD TWP.,1
470005,ACTON TWP.,1
470020,COLLINWOOD TWP.,1
470025,COSMOS,1
470040,DARWIN,1
470070,FOREST CITY TWP.,1
470075,FOREST PRAIRIE TWP.,1
470085,GROVE CITY,1
470090,HARVEY TWP.,1
470145,UNION GROVE TWP.,1
470150,WATKINS,1
480030,EAST SIDE TWP.,1
480035,FORESTON,1
480070,MILACA,1
480080,MILO TWP.,1
480100,PAGE TWP.,1
480105,PEASE,1
480120,SOUTH HARBOR TWP.,1
490015,BELLEVUE TOWNSHIP,1
490025,BUCKMAN,1
490030,BUCKMAN TOWNSHIP,1
490135,LITTLE FALLS TOWNSHIP,1
490140,MORRILL TOWNSHIP,1
490170,PIERZ TOWNSHIP,1
490200,RICHARDSON TOWNSHIP,1
490210,ROSING TOWNSHIP,1
490225,SOBIESKI,1
490230,SWAN RIVER TOWNSHIP,1
500005,ADAMS,1
500085,CLAYTON TWP.,1
500110,GRAND MEADOW,1
500125,LE ROY,1
500130,LE ROY TWP.,1
500155,MARSHALL TWP.,1
500180,RED ROCK TWP.,1
500205,UDOLPHO TWP.,1
510015,BONDIN TWP,1
510030,CHANDLER,1
510095,LEEDS TWP,1
510110,MASON TWP,1
520020,CITY OF COURTLAND,1
520025,COURTLAND TOWNSHIP,1
520035,CITY OF LAFAYETTE,1
520045,LAKE PRAIRIE TOWNSHIP,1
520055,NEW SWEDEN TOWNSHIP,1
520060,CITY OF NICOLLET,1
520065,NICOLLET TOWNSHIP,1
520080,NORTH MANKATO P-3,1
520140,TRAVERSE TOWNSHIP,1
530010,BIGELOW,1
530025,BREWSTER,1
530030,DEWALD TWP.,1
530035,DUNDEE,1
530040,ELK TWP.,1
530055,GRAND PRAIRIE TWP.,1
530065,INDIAN LAKE TWP.,1
530130,SUMMIT LAKE TWP.,1
530165,WORTHINGTON W-1 P-4,1
530166,WORTHINGTON W-1 P-5,1
530175,WORTHINGTON W-2 P-2,1
530186,WORTHINGTON W-2 P-5,1
540030,FLOM TWP.,1
540085,LAKE IDA TWP.,1
540150,TWIN VALLEY,1
540165,WINCHESTER TWP.,1
550030,ELMIRA TWP.,1
550055,HIGH FOREST TWP.,1
550080,ORONOCO,1
550088,PINE ISLAND,1
550090,PLEASANT GROVE TWP.,1
550096,ROCHESTER W1 P1,1
550102,ROCHESTER W1 P4,1
550106,ROCHESTER W1 P6,1
550110,ROCHESTER W1 P8,1
550116,ROCHESTER W1 P11,1
550132,ROCHESTER W2 P6,1
550156,ROCHESTER W4 P2,1
550158,ROCHESTER W4 P3,1
550182,ROCHESTER W5 P6,1
550204,ROCHESTER W6 P6,1
550206,ROCHESTER W6 P7,1
550220,SALEM TWP.,1
550230,VIOLA TWP.,1
560020,BATTLE LAKE,1
560040,BUSE TWP,1
560045,BUTLER TWP,1
560050,CANDOR TWP,1
560060,CLITHERALL,1
560110,DORA TWP,1
560120,EAGLE LAKE TWP,1
560230,GORMAN TWP,1
560245,HOBART TWP,1
560270,LIDA TWP,1
560275,MAINE TWP,1
560285,NEWTON TWP,1
560305,OAK VALLEY TWP,1
560315,OSCAR TWP,1
560320,OTTERTAIL,1
560340,PARKERS PRAIRIE,1
560370,PINE LAKE TWP,1
560390,ST OLAF TWP,1
560400,STAR LAKE TWP,1
560410,TORDENSKJOLD TWP,1
560415,TRONDHJEM TWP,1
560425,UNDERWOOD,1
560435,VERGAS,1
570020,DEER PARK TWP,1
570060,NORTH TWP,1
570085,ROCKSBURY TWP EAST,1
570090,ROCKSBURY TWP WEST,1
570135,THIEF RIVER FALLS (2),1
570155,THIEF RIVER FALLS (3B),1
580040,BROOK PARK TWP.,1
580060,CLOVER TWP.,1
580075,DELL GROVE TWP.,1
580085,FINLAYSON,1
580090,FINLAYSON TWP.,1
580095,FLEMING TWP.,1
580135,MISSION CREEK TWP.,1
580185,PINE CITY TWP.,1
580190,PINE LAKE TWP.,1
580195,POKEGAMA TWP.,1
580205,ROYALTON TWP.,1
580221,STURGEON LAKE P-1,1
590005,AETNA TWP.,1
590010,ALTONA TWP.,1
590040,GRANGE TWP.,1
590105,RUTHTON,1
600005,ANDOVER TWP.,1
600030,BRANDSVOLD TWP,1
600055,CLIMAX,1
600085,CROOKSTON W-5,1
600090,CROOKSTON W-6,1
600105,CROOKSTON TWP.,1
600130,EAST GRAND FORKS W-3,1
600160,EDEN TWP.,1
600165,ERSKINE,1
600180,FAIRFAX TWP.,1
600195,FERTILE,1
600245,GROVE PARK-TILDEN TWP,1
600295,KERTSONVILLE TWP.,1
600440,VINELAND TWP.,1
600445,WINGER CITY,1
610005,BANGOR TWP.,1
610035,FARWELL,1
610040,GILCHRIST TWP.,1
610060,GROVE LAKE TWP.,1
610075,LANGHEI TWP.,1
610090,LOWRY,1
610095,MINNEWASKA TWP.,1
610110,RENO TWP.,1
620310,MOUNDS VIEW P-3,1
620630,ST. PAUL W-1 P-10,1
620660,ST. PAUL W-1 P-13,1
620670,ST. PAUL W-1 P-14,1
620675,ST. PAUL W-1 P-15,1
620730,ST. PAUL W-2 P-06,1
620770,ST. PAUL W-2 P-10,1
620840,ST. PAUL W-3 P-01,1
620950,ST. PAUL W-3 P-12,1
621060,ST. PAUL W-4 P-07,1
621070,ST. PAUL W-4 P-08,1
621380,ST. PAUL W-6 P-10,1
621400,ST. PAUL W-6 P-12,1
621580,SHOREVIEW P-1,1
621730,WHITE BEAR TWP P-4,1
630005,BROOKS,1
630040,LAMBERT TWP.,1
630075,RED LAKE FALLS W-3,1
640005,BELVIEW,1
640010,BROOKVILLE TWP.,1
640020,CLEMENTS,1
640030,DELHI TWP.,1
640035,GALES TWP.,1
640060,LAMBERTON,1
640190,VESTA TWP.,1
640195,WABASSO,1
650035,BROOKFIELD TWP.,1
650040,BUFFALO LAKE,1
650055,CROOKS TWP.,1
650075,FAIRFAX,1
650085,FRANKLIN,1
650110,KINGMAN TWP.,1
650120,MELVILLE TWP.,1
650145,PALMYRA TWP.,1
650155,RENVILLE,1
650170,TROY TWP.,1
650175,WANG TWP.,1
660010,CANNON CITY TWP.,1
660020,ERIN TWP.,1
660125,SHIELDSVILLE TWP.,1
660140,WEBSTER TWP. P-1,1
670010,BEAVER CREEK,1
670050,KENNETH,1
670065,LUVERNE W-2 SE,1
670070,LUVERNE W-2 SW,1
670105,SPRINGWATER TWP,1
680030,DEER TOWNSHIP,1
680045,ENSTROM TOWNSHIP,1
680060,GREENBUSH,1
680085,LAKE TOWNSHIP,1
680090,LAONA TOWNSHIP,1
680185,STOKES TOWNSHIP,1
690035,BABBITT,1
690040,BALKAN TWP.,1
690050,BEATTY TWP.,1
690080,BUHL,1
690085,CANOSIA TWP.,1
690090,CEDAR VALLEY TWP.,1
690095,CHERRY TWP.,1
690125,COOK,1
690130,COTTON TWP.,1
690180,DULUTH P-9,1
690220,DULUTH P-16,1
690240,DULUTH P-18,1
690245,DULUTH P-19,1
690265,DULUTH P-23,1
690275,DULUTH P-25,1
690437,EAGLE'S NEST TWP.,1
690480,EVELETH P-2,1
690515,FIELD TWP.,1
690525,FLOODWOOD P-1,1
690570,GRAND LAKE TWP.,1
690585,GREENWOOD TWP.,1
690590,HALDEN TWP.,1
690625,HIBBING W-2 P-B,1
690770,LAKEWOOD TWP.,1
690775,LAVELL TWP.,1
690797,MCKINLEY,1
690799,MEADOWLANDS,1
690880,PIKE TWP.,1
690920,SOLWAY TWP.,1
690925,STONEY BROOK TWP.,1
691002,UNORG. PRCT. 21,1
691005,UNORG. PRCT. 23,1
691135,WHITE TWP. P-2,1
691150,WUORI TWP.,1
700050,JORDAN P-1,1
700060,LOUISVILLE TWP.,1
700097,PRIOR LAKE P-7,1
700099,ST. LAWRENCE TWP.,1
700100,SAND CREEK TWP.,1
700153,SHAKOPEE P-11,1
700157,SHAKOPEE P-12B,1
710070,LIVONIA TWP P1,1
710090,ST CLOUD W2 P5,1
710110,ZIMMERMAN P-1,1
720025,CORNISH TWP.,1
720030,DRYDEN TWP.,1
720035,FAXON TWP.,1
720040,GAYLORD,1
720045,GIBBON,1
720065,HENDERSON,1
720075,JESSENLAND TWP.,1
720105,SIBLEY TWP.,1
720115,WASHINGTON LAKE TWP.,1
730025,AVON TWP P-1,1
730055,COLLEGEVILLE TWP P2,1
730070,EDEN LAKE TWP,1
730095,FREEPORT,1
730120,HOLDINGFORD,1
730135,LAKE GEORGE TWP,1
730155,LYNDEN TWP,1
730230,RICHMOND,1
730235,ROCKVILLE,1
730270,ST CLOUD W1 P3,1
730285,ST CLOUD W1 P6,1
730350,ST CLOUD W4 P5,1
730399,ST MARTIN,1
730405,ST STEPHEN,1
730443,WAITE PARK P4,1
730450,ZION TWP,1
740035,ELLENDALE,1
740060,MERIDEN TWP.,1
740065,MERTON TWP.,1
740145,OWATONNA TWP.,1
750030,DONNELLY TWP.,1
750065,MOORE TWP.,1
750073,MORRIS P-1B,1
750080,MORRIS P-3A,1
760085,HOLLOWAY,1
760090,KERKHOVEN,1
760110,MOYER TWP.,1
770070,GERMANIA TWP,1
770075,GORDON TWP,1
770095,HEWITT,1
770105,KANDOTA TWP,1
770110,LESLIE TWP,1
770155,ROUND PRAIRIE TWP,1
770165,STAPLES TWP,1
770175,TURTLE CREEK TWP,1
770180,VILLARD TWP,1
780030,FOLSOM TWP.,1
780035,LAKE VALLEY TWP.,1
780085,WHEATON P-1,1
780090,WHEATON P-2,1
790005,BELLECHESTER,1
790025,GILLFORD TWP.,1
790035,GREENFIELD TWP.,1
790045,HIGHLAND TWP.,1
790050,HYDE PARK TWP.,1
790055,KELLOGG,1
790065,LAKE CITY P-1,1
790080,MAZEPPA CITY,1
790085,MAZEPPA TWP.,1
790105,MOUNT PLEASANT TWP.,1
790150,WABASHA W-3,1
790165,ZUMBRO TWP.,1
800005,ALDRICH CITY,1
800060,ORTON TWP.,1
800075,SEBEKA,1
800085,STAPLES,1
800110,WADENA P-3,1
810005,ALTON TWP.,1
810010,BLOOMING GROVE TWP.,1
810015,BYRON TWP.,1
810055,NEW RICHLAND TWP.,1
810060,OTISCO TWP.,1
810065,ST. MARY TWP.,1
810110,WILTON TWP.,1
810115,WOODVILLE TWP.,1
820015,AFTON W-3 P-1,1
820025,BAYPORT,1
820100,DENMARK TWP.,1
820135,GREY CLOUD ISLAND TWP.,1
820180,LAKELAND,1
820210,MARINE ON ST. CROIX,1
820285,ST. PAUL PARK P-1,1
820350,STILLWATER TWP.,1
820370,WILLERNIE,1
830005,ADRIAN TWP,1
830045,LONG LAKE TWP,1
830070,ODIN,1
840005,AKRON TWP.,1
840090,KENT CITY,1
840125,PRAIRIE VIEW TWP.,1
840135,ROTHSAY CITY,1
840145,TANBERG TWP.,1
850015,DRESBACH TWP.,1
850042,GOODVIEW P-2B,1
850045,HART TWP,1
850050,HILLSDALE TWP,1
850070,MINNESOTA CITY,1
850100,ROLLINGSTONE,1
850105,ROLLINGSTONE TWP,1
850140,WARREN TWP,1
850145,WHITEWATER TWP,1
850150,WILSON TWP,1
850170,WINONA W-1 P-4,1
850190,WINONA W-2 P-4,1
850195,WINONA W-3 P-1,1
850220,WINONA W-4 P-2,1
850240,WISCOY TWP.,1
860045,CLEARWATER,1
860085,FRANKLIN TWP,1
860090,FRENCH LAKE TWP,1
860120,MIDDLEVILLE TWP,1
860170,SOUTHSIDE TWP,1
860190,WOODLAND TWP,1
870010,CANBY,1
870020,CLARKFIELD,1
870025,ECHO,1
870080,HAZEL RUN TWP,1
870090,MINNESOTA FALLS TWP,1
870115,PORTER,1
870130,SANDNES TWP,1
870140,STONY RUN TWP,1
010015,BALL BLUFF TWP,0
010020,BALSAM TWP,0
010025,BEAVER TWP,0
010030,CLARK TWP,0
010035,CORNISH TWP,0
010038,UNORG 47-24 (DAVIDSON UNORG),0
010060,HAZELTON TWP,0
010065,HILL CITY,0
010075,IDUN TWP,0
010080,JEVNE TWP,0
010082,UNORG 45-24 (JEWETT UNORG),0
010090,LAKESIDE TWP,0
010095,LEE TWP,0
010100,LIBBY TWP E,0
010105,LIBBY TWP W,0
010110,LOGAN TWP,0
010115,MCGRATH,0
010125,MCGREGOR TWP,0
010140,MORRISON TWP,0
010145,NORDLAND TWP,0
010150,PALISADE,0
010155,PLINY TWP,0
010160,RICE RIVER TWP,0
010165,SALO TWP,0
010170,SEAVEY TWP,0
010200,VERDON TWP,0
010205,WAGNER TWP,0
010210,WAUKENABO TWP,0
010215,WEALTHWOOD TWP,0
010220,WHITE PINE TWP,0
010225,WILLIAMS TWP,0
010230,WORKMAN TWP,0
010240,NE AITKIN UNORG,0
010255,UNORG 48-27 (BLIND LAKE UNORG),0
010260,NW AITKIN UNORG P-2,0
010285,UNORG 51-27 (LEMAY UNORG),0
010290,NW AITKIN UNORG P-1,0
020205,BETHEL P-1,0
020335,BLAINE W-1 P-7,0
021405,COON RAPIDS W-5 P-1,0
021420,COON RAPIDS W-5 P-4,0
021705,FRIDLEY W-2 P-1,0
021915,HAM LAKE P-3A,0
021930,HAM LAKE P-6A,0
022105,LEXINGTON P-1,0
023105,SPRING LAKE PARK P-1A,0
030005,ATLANTA TWP,0
030025,CALLAWAY,0
030030,CALLAWAY TWP,0
030035,CARSONVILLE TWP,0
030040,CORMORANT TWP,0
030045,CUBA TWP,0
030051,DETROIT TWP P-2,0
030052,DETROIT TWP P-3,0
030082,EAGLE VIEW TWP,0
030090,EVERGREEN TWP,0
030095,FOREST TWP,0
030110,HAMDEN TWP,0
030115,HEIGHT OF LAND TWP,0
030120,HOLMESVILLE TWP,0
030135,LAKE PARK TWP,0
030150,OGEMA,0
030165,RICEVILLE TWP,0
030180,RUNEBERG TWP,0
030185,SAVANNAH TWP,0
030195,SILVER LEAF TWP,0
030200,SPRING CREEK TWP,0
030205,SPRUCE GROVE TWP,0
030210,SUGAR BUSH TWP,0
030220,TWO INLETS TWP,0
030225,WALWORTH TWP,0
030230,WHITE EARTH TWP,0
030235,WOLF LAKE,0
030240,WOLF LAKE TWP,0
040005,ALASKA TWP,0
040010,BATTLE TWP,0
040045,BENVILLE TWP,0
040050,BIRCH TWP,0
040060,BUZZLE TWP,0
040065,CORMANT TWP,0
040070,DURAND TWP,0
040085,FUNKLEY,0
040095,HAGALI TWP,0
040100,HAMRE TWP,0
040110,HORNET TWP,0
040115,JONES TWP,0
040120,KELLIHER,0
040125,KELLIHER TWP,0
040130,LAMMERS TWP,0
040135,LANGOR TWP,0
040140,LEE TWP,0
040150,MAPLE RIDGE TWP,0
040155,MINNIE TWP,0
040165,NEBISH TWP,0
040172,NORTHERN TWP P 02,0
040175,O'BRIEN TWP,0
040190,QUIRING TWP,0
040205,ROOSEVELT TWP,0
040210,SHOOKS TWP,0
040215,SHOTLEY TWP,0
040220,SOLWAY,0
040225,SPRUCE GROVE TWP,0
040230,STEENERSON TWP,0
040235,SUGAR BUSH TWP,0
040240,SUMMIT TWP,0
040245,TAYLOR TWP,0
040255,TENSTRIKE,0
040265,TURTLE RIVER,0
040275,UNORG DIST 1,0
040280,UNORG DIST 2,0
040285,UNORG DIST 3,0
040300,WOODROW TWP,0
050015,GILMAN,0
050020,GILMANTON TWP,0
050025,GLENDORADO TWP,0
050030,GRAHAM TWP,0
050035,GRANITE LEDGE TWP,0
050056,MINDEN TWP P-2,0
050067,ROYALTON,0
050090,ST GEORGE TWP,0
050113,SAUK RAPIDS P-6,0
050115,SAUK RAPIDS TWP,0
060010,ALMOND TWP,0
060015,ARTICHOKE TWP,0
060020,BARRY,0
060025,BIG STONE TWP,0
060030,BROWNS VALLEY TWP,0
060040,CORRELL,0
060045,FOSTER TWP,0
060055,GRACEVILLE TWP,0
060056,JOHNSON,0
060060,MALTA TWP,0
060065,MOONSHINE TWP,0
060075,ODESSA TWP,0
060086,ORTONVILLE TWP,0
060090,OTREY TWP,0
060100,TOQUA TWP,0
070005,AMBOY,0
070025,CERESCO TWP,0
070055,JAMESTOWN TWP,0
070085,LYRA TWP,0
070175,MANKATO W-02 P-17,0
070205,MAPLETON TWP,0
070210,MEDO TWP,0
070212,MINNESOTA LAKE,0
070213,NORTH MANKATO,0
070220,PLEASANT MOUND TWP,0
070240,SKYLINE,0
070250,STERLING TWP,0
070255,VERNON CENTER,0
070260,VERNON CENTER TWP,0
080005,ALBIN TWP,0
080010,BASHAW TWP,0
080015,BURNSTOWN TWP,0
080020,COBDEN,0
080035,EDEN TWP,0
080040,EVAN,0
080065,LINDEN TWP,0
080075,MULLIGAN TWP,0
080120,NORTH STAR TWP,0
080125,PRAIRIEVILLE TWP,0
080140,SLEEPY EYE W-2,0
080150,SPRINGFIELD W-2,0
080155,STARK TWP,0
080160,STATELY TWP,0
090005,ATKINSON TWP,0
090010,AUTOMBA TWP,0
090070,CORONA UNORG,0
090080,EAGLE TWP,0
090085,HOLYOKE TWP,0
090090,KALEVALA TWP,0
090095,KETTLE RIVER,0
090100,LAKEVIEW TWP,0
090115,MOOSE LAKE TWP,0
090118,PROGRESS UNORG,0
090120,PERCH LAKE TWP,0
090130,SAWYER UNORG,0
090145,SILVER TWP,0
090155,SPLIT ROCK TWP,0
090180,WRENSHALL TWP,0
090185,WRIGHT,0
100005,BENTON TWP,0
100010,CAMDEN TWP,0
100072,DAHLGREN TWP P-2,0
100085,HOLLYWOOD TWP,0
100100,NEW GERMANY,0
100112,SHOREWOOD,0
100130,WACONIA TWP,0
100150,YOUNG AMERICA TWP,0
110005,ANSEL TWP,0
110010,BACKUS,0
110015,BARCLAY TWP,0
110025,BENA,0
110035,BIRCH LAKE TWP,0
110040,BLIND LAKE TWP,0
110045,BOY LAKE TWP,0
110050,BOY RIVER CITY,0
110055,BOY RIVER TWP,0
110070,BYRON TWP,0
110080,CHICKAMAW BEACH,0
110085,CROOKED LAKE TWP,0
110100,FAIRVIEW TWP,0
110105,FEDERAL DAM,0
110115,HACKENSACK,0
110118,HARDWOOD SOUTH,0
110120,HIRAM TWP,0
110130,INGUADONA TWP,0
110135,KEGO TWP,0
110145,LEECH LAKE TWP,0
110150,LIMA TWP,0
110155,LONGVILLE,0
110160,LOON LAKE TWP,0
110165,MCKINLEY TWP,0
110175,MAY TWP,0
110180,MEADOW BROOK TWP,0
110185,MOOSE LAKE TWP,0
110187,MOTLEY,0
110188,OTTER TAIL PENINSULA TWP,0
110220,POPLAR TWP,0
110225,POWERS TWP,0
110230,REMER,0
110235,REMER TWP,0
110237,ROGERS POINT,0
110240,ROGERS TWP,0
110245,SALEM TWP P-1,0
110247,SALEM TWP P-2,0
110255,SLATER TWP,0
110260,SMOKY HOLLOW TWP,0
110262,SUCKER LAKES,0
110290,WABEDO TWP,0
110295,WAHNENA,0
110300,WALDEN TWP,0
110305,WALKER,0
110312,WILLOW RIVER,0
110317,WINNIE PORTAGE LAKES,0
120005,BIG BEND TWP,0
120010,CLARA CITY,0
120020,GRACE TWP,0
120025,GRANITE FALLS W-2,0
120030,GRANITE FALLS TWP P-1,0
120032,GRANITE FALLS TWP P-2,0
120040,KRAGERO TWP,0
120045,LEENTHROP TWP,0
120050,LONE TREE TWP,0
120055,LOURISTON TWP,0
120060,MANDT TWP,0
120065,MAYNARD,0
120100,RAYMOND,0
120105,RHEIDERLAND TWP,0
120110,ROSEWOOD TWP,0
120120,STONEHAM TWP,0
120125,TUNSBERG TWP,0
120130,WATSON,0
130015,CENTER CITY,0
130030,CHISAGO LAKE TWP (S),0
130035,FISH LAKE TWP,0
130040,FRANCONIA TWP,0
130075,RUSHSEBA TWP,0
130086,SHAFER TWP P-B,0
130090,STACY,0
140005,ALLIANCE TWP,0
140020,BARNESVILLE CITY W-3,0
140025,BARNESVILLE TWP,0
140030,COMSTOCK CITY,0
140035,CROMWELL TWP,0
140045,EGLON TWP,0
140050,ELKTON TWP,0
140055,ELMWOOD TWP,0
140060,FELTON CITY,0
140065,FELTON TWP,0
140070,FLOWING TWP,0
140075,GEORGETOWN CITY,0
140080,GEORGETOWN TWP,0
140090,GLYNDON TWP,0
140095,GOOSE PRAIRIE TWP,0
140100,HAGEN TWP,0
140110,HAWLEY TWP,0
140120,HITTERDAL CITY,0
140125,HOLY CROSS TWP,0
140130,HUMBOLDT TWP,0
140135,KEENE TWP,0
140140,KRAGNES TWP,0
140145,KURTZ TWP,0
140150,MOLAND TWP,0
140157,MOORHEAD CITY W-1 P-1B,0
140175,MOORHEAD CITY W-2 P-5A,0
140185,MOORHEAD CITY W-3 P-6A,0
140215,MOORHEAD TWP P-1,0
140217,MOORHEAD TWP P-2,0
140220,MORKEN TWP,0
140225,OAKPORT TWP,0
140230,PARKE TWP,0
140235,RIVERTON TWP,0
140245,SKREE TWP,0
140255,TANSEM TWP,0
140265,ULEN TWP,0
140270,VIDING TWP,0
150010,BEAR CREEK TWP,0
150020,CLOVER TWP,0
150030,DUDLEY TWP,0
150040,FALK TWP,0
150050,GREENWOOD TWP,0
150055,HANGAARD TWP,0
150056,RED LAKE RESERVATION,0
150065,ITASCA TWP,0
150075,LEON TWP,0
150090,MOOSE CREEK TWP,0
150100,PINE LAKE TWP,0
150105,POPPLE TWP,0
150110,RICE TWP,0
150115,SHEVLIN CITY,0
150120,SHEVLIN TWP,0
150125,SINCLAIR TWP,0
150130,WINSOR TWP,0
150135,S. CLEARWATER 143-36,0
150140,LONG LOST LAKE TWP,0
160030,CASCADE PREC 7,0
160045,SCHROEDER TWP PREC 12,0
160050,TOFTE TWP PREC 11,0
160055,CROFTVILLE PREC 4,0
160060,PIKE LAKE PREC 9,0
170005,AMBOY TWP,0
170010,AMO TWP,0
170015,ANN TWP,0
170020,BINGHAM LAKE,0
170030,COMFREY,0
170035,DALE TWP,0
170040,DELTON TWP,0
170045,GERMANTOWN TWP P-1,0
170047,GERMANTOWN TWP P-2,0
170050,GREAT BEND TWP,0
170060,JEFFERS,0
170065,LAKESIDE TWP,0
170070,MIDWAY TWP,0
170085,MOUNTAIN LAKE TWP,0
170090,ROSEHILL TWP,0
170100,SOUTHBROOK TWP,0
170105,SPRINGFIELD TWP,0
170110,STORDEN,0
170115,STORDEN TWP,0
170120,WESTBROOK,0
170125,WESTBROOK TWP,0
170135,WINDOM W-1 P-2,0
170145,WINDOM W-2 P-2,0
180007,BAXTER P2E,0
180042,BRAINERD W-3 P-3,0
180082,CROW WING TWP P-2,0
180085,CUYUNA CITY,0
180090,DAGGETT BROOK TWP,0
180100,DEAN LAKE PREC,0
180110,DEERWOOD TWP,0
180115,EMILY CITY,0
180120,FAIRFIELD TWP,0
180125,FIFTY LAKES CITY,0
180130,FORT RIPLEY CITY,0
180135,FORT RIPLEY TWP,0
180140,GAIL LAKE TWP,0
180165,RIVERTON CITY,0
180170,IRONTON CITY,0
180180,JENKINS TWP,0
180205,MANHATTAN BEACH CITY,0
180210,MAPLE GROVE TWP,0
180215,MISSION TWP,0
180235,PELICAN TWP,0
180240,PEQUOT LAKES CITY,0
180245,PERRY LAKE TWP,0
180255,RABBIT LAKE TWP,0
180260,ROOSEVELT TWP,0
180265,ROSS LAKE TWP,0
180275,ST MATHIAS TWP,0
180280,TIMOTHY TWP,0
180285,TROMMALD CITY,0
191510,COATES,0
191795,EAGAN P-9B,0
192410,HAMPTON CITY,0
193110,LILYDALE,0
193310,MENDOTA CITY,0
193710,NININGER TWP,0
193810,NORTHFIELD W-3 P-2,0
193910,RANDOLPH CITY,0
194010,RANDOLPH TWP,0
194310,SCIOTA TWP,0
194440,SOUTH ST PAUL P-4,0
194710,VERMILLION TWP,0
200005,ASHLAND TWP.,0
200007,BYRON P-2,0
200015,CLAREMONT,0
200020,CLAREMONT TWP.,0
200025,CONCORD TWP.,0
200035,ELLINGTON TWP.,0
200045,HAYFIELD TWP.,0
200070,RIPLEY TWP.,0
200075,VERNON TWP.,0
200085,WEST CONCORD,0
210050,CARLOS CITY,0
210060,EVANSVILLE CITY,0
210065,EVANSVILLE TWP.,0
210070,FORADA,0
210075,GARFIELD,0
210110,LEAF VALLEY TWP,0
210115,LUND TWP.,0
210120,MILLERVILLE CITY,0
210140,MOE TWP.,0
210145,NELSON,0
210150,ORANGE TWP.,0
210165,SOLEM TWP.,0
210170,SPRUCE HILL TWP.,0
210175,URNESS TWP.,0
220005,BARBER TWP.,0
220030,BRICELYN,0
220035,BRUSH CREEK TWP.,0
220045,DELAVAN,0
220055,DUNBAR TWP.,0
220060,EASTON,0
220075,EMERALD TWP.,0
220080,FOSTER TWP.,0
220085,FROST,0
220090,JO DAVIESS TWP.,0
220105,LURA TWP.,0
220115,MINNESOTA LAKE TWP.,0
220120,PILOT GROVE TWP.,0
220130,ROME TWP.,0
220135,SEELY TWP.,0
220140,VERONA TWP.,0
220150,WALTERS,0
220165,WINNEBAGO TWP.,0
230010,ARENDAHL TWP.,0
230015,BEAVER TWP.,0
230020,BLOOMFIELD TWP.,0
230035,CANTON TWP.,0
230040,CARIMONA TWP.,0
230045,CARROLTON TWP.,0
230065,FORESTVILLE TWP.,0
230075,FOUNTAIN TWP.,0
230085,HARMONY TWP.,0
230095,JORDAN TWP.,0
230110,NEWBURG TWP.,0
230120,OSTRANDER,0
230130,PILOT MOUND TWP.,0
230135,PREBLE TWP.,0
230180,SUMNER TWP.,0
230185,WHALAN,0
230190,WYKOFF,0
230195,YORK TWP.,0
240010,ALBERT LEA W-1 P-2,0
240061,ALBERT LEA TWP. P-2,0
240065,ALDEN,0
240070,ALDEN TWP.,0
240085,CARLSTON TWP.,0
240095,CONGER,0
240110,FREEBORN TWP.,0
240125,GENEVA TWP.,0
240130,GLENVILLE,0
240135,HARTLAND,0
240140,HARTLAND TWP.,0
240150,HAYWARD TWP.,0
240155,HOLLANDALE,0
240160,LONDON TWP.,0
240180,MOSCOW TWP.,0
240185,MYRTLE,0
240190,NEWRY TWP.,0
240195,NUNDA TWP.,0
240200,OAKLAND TWP.,0
240205,PICKEREL LAKE TWP.,0
240210,RICELAND TWP.,0
240220,TWIN LAKES,0
250005,BELLECHESTER,0
250010,BELLE CREEK TWP.,0
250015,BELVIDERE TWP.,0
250030,CANNON FALLS TWP.,0
250040,DENNISON,0
250045,FEATHERSTONE TWP.,0
250060,GOODHUE TWP.,0
250065,HAY CREEK TWP.,0
250070,HOLDEN TWP.,0
250080,KENYON TWP.,0
250105,PINE ISLAND TWP.,0
250170,ROSCOE TWP.,0
250175,STANTON TWP.,0
250185,WACOUTA TWP.,0
250195,WANAMINGO TWP.,0
250220,ZUMBROTA TWP.,0
260005,ASHBY,0
260040,GORTON TWP,0
260045,HERMAN,0
260050,HOFFMAN,0
260055,LAND TWP,0
260060,LAWRENCE TWP,0
260070,LOGAN TWP,0
260075,MACSVILLE TWP,0
260080,NORCROSS,0
260085,NORTH OTTAWA TWP,0
260095,POMME DE TERRE TWP,0
260100,ROSEVILLE TWP,0
260110,STONY BROOK TWP,0
260115,WENDELL,0
270065,BLOOMINGTON W-2 P-25,0
270131,BLOOMINGTON W-4 P-31,0
270485,CHANHASSEN P-01,0
270490,CHANHASSEN P-02,0
270505,CORCORAN P-02,0
270577,CRYSTAL W-3 P-03,0
270770,EDEN PRAIRIE P-17,0
270910,EDINA P-12,0
270975,FORT SNELLING P-01,0
271170,LORETTO P-01,0
271200,MAPLE GROVE P-03,0
271300,MAPLE GROVE P-23,0
271335,MAPLE PLAIN P-01,0
271345,MEDICINE LAKE P-01,0
271375,MINNEAPOLIS W-1 P-04,0
271456,MINNEAPOLIS W-2 P-11,0
271501,MINNEAPOLIS W-3 P-10,0
271580,MINNEAPOLIS W-5 P-06C,0
271785,MINNEAPOLIS W-9 P-08,0
271817,MINNEAPOLIS W-10 P-03B,0
271827,MINNEAPOLIS W-10 P-05B,0
271880,MINNEAPOLIS W-11 P-05,0
272155,MINNETONKA W-3 P-C,0
272247,MINNETRISTA P-3A,0
272445,PLYMOUTH W-2 P-10,0
272720,SHOREWOOD P-1,0
272725,SHOREWOOD P-2,0
272925,WOODLAND P-01,0
280020,CALEDONIA P-1,0
280030,CALEDONIA TWP.,0
280035,CROOKED CREEK TWP.,0
280040,EITZEN,0
280050,HOKAH TWP.,0
280055,HOUSTON,0
280060,HOUSTON TWP.,0
280085,MAYVILLE TWP.,0
280100,SHELDON TWP.,0
280110,SPRING GROVE TWP.,0
280130,YUCATAN TWP.,0
290015,ARAGO TWP.,0
290020,BADOURA TWP.,0
290025,CLOVER TWP.,0
290030,CROW WING LAKE TWP.,0
290037,FARDEN TWP. P-2,0
290040,FERN TWP.,0
290050,HART LAKE TWP. P-1,0
290052,HART LAKE TWP. P-2,0
290065,HENRIETTA TWP.,0
290075,LAKE ALICE TWP.,0
290095,LAKEPORT TWP. P-1,0
290097,LAKEPORT TWP. P-2,0
290100,LA PORTE,0
290105,MANTRAP TWP.,0
290115,NEVIS TWP.,0
290130,SCHOOLCRAFT TWP.,0
290137,STEAMBOAT RIVER TWP. P-2,0
290145,THORPE TWP.,0
290152,TODD TWP. P-2,0
300055,OXFORD TWP,0
300057,SAINT FRANCIS P-3,0
300065,SPRINGVALE TWP,0
300080,WYANETT TWP,0
310005,ALVWOOD TWP,0
310020,BALL CLUB PREC,0
310025,BALSAM TWP,0
310040,BEARVILLE TWP,0
310065,BOWSTRING TWP,0
310070,NORTH UNORGANIZED PREC,0
310074,CALUMET,0
310076,CARPENTER TWP,0
310090,DEER LAKE PREC,0
310095,DEER RIVER P-1,0
310096,DEER RIVER P-2,0
310100,DEER RIVER TWP P-1,0
310110,EFFIE,0
310120,FEELEY TWP,0
310125,GOOD HOPE TWP,0
310175,GRATTAN TWP,0
310184,GREENWAY TWP,0
310205,INGER PREC,0
310215,KEEWATIN,0
310220,KINGHURST TWP,0
310225,LAKE JESSIE TWP,0
310230,LAWRENCE TWP,0
310235,LIBERTY PREC,0
310244,GRAVE LAKE PREC,0
310245,LONG LAKE PREC,0
310255,MAX TWP,0
310265,MOOSE PARK TWP,0
310270,MORSE TWP P-1,0
310271,MORSE TWP P-2,0
310285,NASHWAUK TWP,0
310290,NORE TWP,0
310295,OTENEAGEN TWP,0
310300,POMROY TWP,0
310305,SAGO TWP,0
310310,SAND LAKE TWP,0
310320,SPANG TWP,0
310327,SPLITHAND TWP,0
310330,SQUAW LAKE,0
310335,STOKES TWP,0
310345,THIRD RIVER TWP,0
310365,WAWINA TWP,0
310370,WELLERS-MCCORMICK PREC 1,0
310371,WELLERS-MCCORMICK PREC 2,0
310372,WILDWOOD TWP,0
310375,WINNIBIGOSHISH PREC,0
310380,WIRT TWP,0
310385,ZEMPLE,0
320005,ALBA TWP.,0
320010,ALPHA,0
320025,DELAFIELD TWP.,0
320030,DES MOINES TWP.,0
320035,ENTERPRISE TWP.,0
320040,EWINGTON TWP.,0
320050,HERON LAKE TWP.,0
320055,HUNTER TWP.,0
320080,KIMBALL TWP.,0
320085,LA CROSSE TWP.,0
320100,MIDDLETOWN TWP.,0
320105,MINNEOTA TWP.,0
320110,OKABENA,0
320125,ROUND LAKE TWP.,0
320130,SIOUX VALLEY TWP.,0
320140,WEST HERON LAKE TWP.,0
320145,WILDER,0
320150,WISCONSIN TWP.,0
330005,ANN LAKE TWP.,0
330015,BRAHAM,0
330030,FORD TWP.,0
330035,GRASS LAKE TWP.,0
330040,GRASSTON,0
330050,HILLMAN TWP.,0
330055,KANABEC TWP.,0
330090,POMROY TWP.,0
330095,QUAMBA,0
330100,SOUTH FORK TWP.,0
340020,BURBANK TWP.,0
340035,EAST LAKE LILLIAN TWP,0
340040,EDWARDS TWP.,0
340045,FAHLUN TWP.,0
340050,GENNESSEE TWP.,0
340065,HOLLAND TWP.,0
340080,KANDIYOHI TWP.,0
340085,LAKE ANDREW TWP.,0
340090,LAKE ELIZABETH TWP.,0
340095,LAKE LILLIAN,0
340100,LAKE LILLIAN TWP.,0
340105,MAMRE TWP.,0
340130,PRINSBURG,0
340140,REGAL,0
340145,ROSELAND TWP.,0
340150,ROSEVILLE TWP.,0
340155,ST. JOHNS TWP.,0
340165,SUNBURG,0
340170,WHITEFIELD TWP.,0
340185,WILLMAR W-1 P-3,0
340202,WILLMAR W-2 P-4,0
340235,WILLMAR TWP.,0
350010,CANNON TWP,0
350020,CLOW TWP,0
350025,DAVIS TWP,0
350030,DEERWOOD TWP,0
350035,DONALDSON,0
350040,GRANVILLE TWP,0
350050,HALLOCK TWP,0
350055,HALMA,0
350060,HAMPDEN TWP,0
350065,HAZELTON TWP,0
350070,HILL TWP,0
350075,HUMBOLDT,0
350080,JUPITER TWP,0
350090,KENNEDY,0
350092,KLONDIKE UNORG,0
350105,MCKINLEY UNORG,0
350110,NORTH RED RIVER,0
350115,NORWAY TWP,0
350118,PEATLAND UNORG,0
350125,PERCY TWP,0
350130,POPPLETON TWP,0
350135,RICHARDVILLE TWP,0
350140,ST. JOSEPH TWP,0
350145,ST VINCENT,0
350150,ST VINCENT TWP,0
350155,SKANE TWP,0
350160,SOUTH RED RIVER,0
350165,SPRING BROOK TWP,0
350170,SVEA TWP,0
350175,TEGNER TWP,0
350180,TEIEN TWP,0
350185,THOMPSON TWP,0
360005,BIG FALLS CITY,0
360023,DINNER CREEK UNORGANIZED,0
360070,JAMESON PRECINCT,0
360080,KOOCHICHING POLL 2,0
360082,KOOCHICHING POLL 4,0
360083,KOOCHICHING POLL 5,0
360090,LITTLEFORK,0
360115,NORTHOME,0
360121,RANIER P-W,0
360170,MEADOWBROOK PRECINCT,0
360175,WEST KOOCHICHING,0
360190,SOUTHEAST KOOCHICHING,0
360195,SOUTHWEST KOOCHICHING,0
370005,AGASSIZ TWP.,0
370010,ARENA TWP.,0
370015,AUGUSTA TWP.,0
370020,BAXTER TWP.,0
370030,BOYD,0
370035,CAMP RELEASE TWP.,0
370040,CERRO GORDO TWP.,0
370060,FREELAND TWP.,0
370065,GARFIELD TWP.,0
370070,HAMLIN TWP.,0
370080,LAC QUI PARLE TWP.,0
370110,MADISON TWP.,0
370115,MANFRED TWP.,0
370120,MARIETTA,0
370130,MEHURIN TWP.,0
370135,NASSAU,0
370140,PERRY TWP.,0
370150,RIVERSIDE TWP.,0
370155,TEN MILE LAKE TWP.,0
370160,WALTER TWP.,0
370165,YELLOW BANK TWP.,0
380005,BEAVER BAY,0
380010,BEAVER BAY TWP. P-1,0
380050,SILVER BAY P-2,0
380065,STONY RIVER TWP.,0
380110,UNORG TERR NO 1,0
380115,UNORG TERR NO 2 PREC 1,0
380125,UNORG TERR NO 2 PREC 3,0
380130,UNORG TERR NO 2 PREC 4,0
380135,UNORG TERR NO 2 PREC 5,0
390005,0005 - 1-A BAUDETTE UNORG,0
390010,0010 - 1-B BAUDETTE CITY,0
390020,0020 - 2-B BAUDETTE CITY,0
390030,0030 - 3-A UNORG,0
390035,0035 - 3-D FOREST UNORG,0
390040,0040 - 4-A WHEELER UNORG,0
390044,0044 - 4-B WABANICA UNORG,0
390045,0045 - 5-B ZIPPEL UNORG,0
390046,0046 - 4-C N MCDOUGALD UNORG,0
390055,0055 - 3-B WILLIAMS CITY,0
390065,0065 - 2-C UNORG,0
390070,0070 - 5-C NW ANGLE,0
390075,0075 - 5-D ROOSEVELT,0
390080,0080 - 3-E BAUDETTE CITY,0
400025,ELYSIAN,0
400030,ELYSIAN TWP.,0
400035,HEIDELBERG,0
400040,KASOTA,0
400050,KILKENNY,0
400055,KILKENNY TWP.,0
400087,MANKATO,0
400100,MONTGOMERY TWP.,0
400115,SHARON TWP.,0
400120,TYRONE TWP.,0
400140,WATERVILLE TWP.,0
410010,ARCO,0
410015,ASH LAKE TWP,0
410025,DRAMMEN TWP,0
410030,HANSONVILLE TWP,0
410040,HENDRICKS TWP,0
410045,HOPE TWP,0
410060,LAKE BENTON TWP,0
410065,LAKE STAY TWP,0
410070,LIMESTONE TWP,0
410075,MARBLE TWP,0
410080,MARSHFIELD TWP,0
410085,ROYAL TWP,0
410100,VERDI TWP,0
420005,AMIRET TWP,0
420010,BALATON,0
420020,COON CREEK TWP,0
420030,CUSTER TWP,0
420035,EIDSVOLD TWP,0
420040,FAIRVIEW TWP,0
420045,FLORENCE,0
420050,GARVIN,0
420055,GHENT,0
420060,GRANDVIEW TWP,0
420065,ISLAND LAKE TWP,0
420070,LAKE MARSHALL TWP,0
420075,LUCAS TWP,0
420090,LYONS TWP,0
420130,MONROE TWP,0
420135,NORDLAND TWP,0
420140,ROCK LAKE TWP,0
420150,SHELBURNE TWP,0
420155,SODUS TWP,0
420160,STANLEY TWP,0
420165,TAUNTON,0
420180,VALLERS TWP,0
420185,WESTERHEIM TWP,0
430020,BROWNTON CITY,0
430035,GLENCOE CITY P-2,0
430105,LYNN TOWNSHIP,0
430110,PENN TOWNSHIP,0
430115,PLATO CITY,0
430125,ROUND GROVE TOWNSHIP,0
430130,SILVER LAKE CITY,0
430140,SUMTER TOWNSHIP,0
430150,WINSTED TOWNSHIP,0
440010,BEJOU,0
440015,BEJOU TWP,0
440020,CHIEF TWP,0
440030,GREGORY TWP,0
440035,HEIER TWP,0
440040,ISLAND LAKE TWP,0
440050,LAKE GROVE TWP,0
440075,POPPLE GROVE TWP,0
440090,LITTLE ELBOW TWP,0
440095,WAUBUN,0
450005,AGDER TWP.,0
450010,ALMA TWP.,0
450020,ARGYLE,0
450025,AUGSBURG TWP.,0
450030,BIG WOODS TWP.,0
450035,BLOOMER TWP.,0
450040,BOXVILLE TWP.,0
450045,CEDAR TWP.,0
450050,COMO TWP.,0
450055,COMSTOCK TWP.,0
450060,DONNELLY TWP.,0
450065,EAGLE POINT TWP.,0
450070,EAST PARK TWP.,0
450075,EAST VALLEY TWP.,0
450080,ECKVOLL TWP.,0
450085,ESPELIE TWP.,0
450090,EXCEL TWP.,0
450095,FOLDAHL TWP.,0
450100,FORK TWP.,0
450105,GRAND PLAIN TWP.,0
450110,GRYGLA,0
450115,HOLT,0
450120,HOLT TWP.,0
450125,HUNTLY TWP.,0
450135,LINSELL TWP.,0
450140,MCCREA TWP.,0
450145,MARSH GROVE TWP.,0
450155,MIDDLE RIVER TWP.,0
450160,MOOSE RIVER TWP.,0
450165,MOYLAN TWP.,0
450166,MUD LAKE UNORG,0
450170,NELSON PARK TWP.,0
450180,NEW FOLDEN TWP.,0
450185,NEW MAINE TWP.,0
450190,NEW SOLUM TWP.,0
450195,OAK PARK TWP.,0
450200,OSLO,0
450205,PARKER TWP.,0
450210,ROLLIS TWP.,0
450215,SINNOTT TWP.,0
450220,SPRUCE VALLEY TWP.,0
450230,STRANDQUIST,0
450235,TAMARAC TWP.,0
450240,THIEF LAKE TWP.,0
450245,VALLEY TWP.,0
450255,VELDT TWP.,0
450260,VIKING,0
450265,VIKING TWP.,0
450270,WANGER TWP.,0
450285,WARRENTON TWP.,0
450290,WEST VALLEY TWP.,0
450300,WRIGHT TWP.,0
460005,CEDAR TWP.,0
460010,CENTER CREEK TWP.,0
460015,CEYLON,0
460030,ELM CREEK TWP.,0
460035,FAIRMONT W-1 P-1,0
460095,FAIRMONT TWP.,0
460100,FOX LAKE TWP.,0
460105,FRASER TWP.,0
460110,GALENA TWP.,0
460115,GRANADA,0
460120,JAY TWP.,0
460125,LAKE BELT TWP.,0
460130,LAKE FREMONT TWP.,0
460135,MANYASKA TWP.,0
460140,NASHVILLE TWP.,0
460145,NORTHROP,0
460150,ORMSBY,0
460155,PLEASANT PRAIRIE TWP.,0
460160,ROLLING GREEN TWP.,0
460175,SILVER LAKE TWP.,0
460180,TENHASSEN TWP.,0
460195,TRUMAN,0
460200,WAVERLY TWP.,0
470010,CEDAR MILLS,0
470015,CEDAR MILLS TWP.,0
470030,COSMOS TWP.,0
470045,DARWIN TWP.,0
470060,EDEN VALLEY,0
470095,KINGSTON,0
470135,MANANNAH TWP.,0
470140,SWEDE GROVE TWP.,0
480005,BOCK,0
480020,BRADBURY TWP.,0
480025,DAILEY TWP.,0
480040,GREENBUSH TWP.,0
480045,HAYLAND TWP.,0
480055,ISLE HARBOR TWP.,0
480065,LEWIS TWP.,0
480075,MILACA TWP.,0
480085,MUDGETT TWP.,0
480090,ONAMIA,0
490005,AGRAM TOWNSHIP,0
490010,BELLE PRAIRIE TOWNSHIP,0
490020,BOWLUS,0
490035,BUH TOWNSHIP,0
490045,CULDRUM TOWNSHIP,0
490050,CUSHING TOWNSHIP,0
490055,DARLING TOWNSHIP,0
490060,ELMDALE,0
490065,ELMDALE TOWNSHIP,0
490070,FLENSBURG,0
490075,GENOLA,0
490080,GRANITE TOWNSHIP,0
490085,GREEN PRAIRIE TOWNSHIP,0
490090,HARDING,0
490095,HILLMAN,0
490100,HILLMAN TOWNSHIP,0
490105,LAKIN TOWNSHIP,0
490110,LASTRUP,0
490115,LEIGH TOWNSHIP,0
490150,MOTLEY TOWNSHIP,0
490155,MOUNT MORRIS TOWNSHIP,0
490160,PARKER TOWNSHIP,0
490165,PIERZ,0
490175,PIKE CREEK TOWNSHIP,0
490180,PLATTE TOWNSHIP,0
490185,PULASKI TOWNSHIP,0
490195,RANDALL,0
490205,RIPLEY TOWNSHIP,0
490215,ROYALTON,0
490235,SWANVILLE,0
490240,SWANVILLE TOWNSHIP,0
490245,TWO RIVERS TOWNSHIP,0
490250,UPSALA,0
500010,ADAMS TWP.,0
500025,AUSTIN W-1 P-3,0
500075,BENNINGTON TWP.,0
500090,DEXTER,0
500095,DEXTER TWP.,0
500100,ELKTON,0
500105,FRANKFORD TWP.,0
500115,GRAND MEADOW TWP.,0
500135,LODI TWP.,0
500140,LYLE,0
500145,LYLE TWP.,0
500150,MAPLEVIEW,0
500160,NEVADA TWP.,0
500165,PLEASANT VALLEY,0
500170,RACINE,0
500175,RACINE TWP.,0
500190,SARGEANT,0
500200,TAOPI,0
500210,WALTHAM,0
500220,WINDOM TWP.,0
510005,AVOCA,0
510010,BELFAST TWP,0
510020,CAMERON TWP,0
510025,CHANARAMBIE TWP,0
510035,CURRIE,0
510040,DES MOINES RIVER,0
510045,DOVRAY TWP,0
510046,DOVRAY CITY,0
510050,ELLSBOROUGH TWP,0
510055,FENTON TWP,0
510065,HADLEY,0
510070,HOLLY TWP,0
510075,IONA,0
510080,IONA TWP,0
510085,LAKE SARAH TWP,0
510090,LAKE WILSON,0
510100,LIME LAKE TWP,0
510105,LOWVILLE TWP,0
510115,MOULTON TWP,0
510120,MURRAY TWP,0
510125,SHETEK TWP,0
510130,SKANDIA TWP,0
510140,SLAYTON TWP,0
520010,BERNADOTTE TOWNSHIP,0
520015,BRIGHTON TOWNSHIP,0
520030,GRANBY TOWNSHIP,0
520040,LAFAYETTE TOWNSHIP,0
520050,MANKATO W-2 P-30,0
520090,NORTH MANKATO P-5,0
520095,NORTH MANKATO P-6,0
520110,OSHAWA TOWNSHIP,0
520115,RIDGELY TOWNSHIP,0
520145,WEST NEWTON TOWNSHIP,0
530020,BLOOM TWP.,0
530045,ELLSWORTH,0
530050,GRAHAM LAKES TWP.,0
530060,HERSEY TWP.,0
530070,KINBRAE,0
530075,LARKIN TWP.,0
530080,LEOTA TWP.,0
530085,LISMORE,0
530090,LISMORE TWP.,0
530095,LITTLE ROCK TWP.,0
530100,LORAIN TWP.,0
530105,OLNEY TWP.,0
530110,RANSOM TWP.,0
530115,ROUND LAKE,0
530120,RUSHMORE,0
530125,SEWARD TWP.,0
530135,WESTSIDE TWP.,0
530140,WILMONT,0
530145,WILMONT TWP.,0
530155,WORTHINGTON W-1 P-2,0
530160,WORTHINGTON W-1 P-3,0
530190,WORTHINGTON TWP.,0
540005,ADA W-1,0
540010,ADA W-2,0
540015,ANTHONY TWP.,0
540020,BEAR PARK TWP.,0
540025,BORUP,0
540035,FOSSUM TWP.,0
540040,GARY,0
540045,GOOD HOPE TWP.,0
540055,HALSTAD,0
540060,HALSTAD TWP.,0
540065,HEGNE TWP.,0
540070,HENDRUM,0
540075,HENDRUM TWP.,0
540080,HOME LAKE TWP.,0
540090,LEE TWP.,0
540095,LOCKHART TWP.,0
540100,MCDONALDSVILLE TWP.,0
540105,MARY TWP.,0
540110,PERLEY,0
540115,PLEASANT VIEW TWP.,0
540120,ROCKWELL TWP.,0
540125,SHELLY,0
540130,SHELLY TWP.,0
540135,SPRING CREEK TWP.,0
540140,STRAND TWP.,0
540145,SUNDAL TWP.,0
540155,WAUKON TWP.,0
540160,WILD RICE TWP.,0
550011,CASCADE TWP. P-2A,0
550012,CASCADE TWP. P-3A,0
550013,CASCADE TWP. P-4,0
550015,CHATFIELD,0
550025,DOVER TWP.,0
550040,EYOTA TWP.,0
550045,FARMINGTON TWP.,0
550050,HAVERHILL TWP,0
550066,MARION TWP. P-2,0
550075,ORION TWP.,0
550118,ROCHESTER W1 P12,0
550154,ROCHESTER W4 P1,0
550168,ROCHESTER W4 P8,0
550170,ROCHESTER W4 P9,0
550186,ROCHESTER W5 P8,0
550202,ROCHESTER W6 P5,0
550208,ROCHESTER W6 P8,0
550211,ROCHESTER TWP P-2,0
550212,ROCHESTER TWP P-3,0
550213,ROCHESTER TWP P-4,0
550215,ROCK DELL TWP.,0
560005,AASTAD TWP,0
560010,AMOR TWP,0
560015,AURDAL TWP,0
560025,BLOWERS TWP,0
560030,BLUFFTON,0
560035,BLUFFTON TWP,0
560055,CARLISLE TWP,0
560065,CLITHERALL TWP,0
560070,COMPTON TWP,0
560075,CORLISS TWP,0
560080,DALTON,0
560090,DEAD LAKE TWP,0
560095,DEER CREEK,0
560100,DEER CREEK TWP,0
560105,DENT,0
560125,EASTERN TWP,0
560130,EDNA TWP,0
560135,EFFINGTON TWP,0
560140,ELIZABETH,0
560145,ELIZABETH TWP,0
560150,ELMO TWP,0
560155,ERHARD,0
560160,ERHARDS GROVE TWP,0
560186,FERGUS FALLS W-2 P-3,0
560215,FOLDEN TWP,0
560220,FRIBERG TWP,0
560225,GIRARD TWP,0
560240,HENNING TWP,0
560250,HOMESTEAD TWP,0
560255,INMAN TWP,0
560265,LEAF MOUNTAIN TWP,0
560280,MAPLEWOOD TWP,0
560295,NIDAROS TWP,0
560300,NORWEGIAN GROVE TWP,0
560310,ORWELL TWP,0
560325,OTTER TAIL TWP,0
560330,OTTO TWP,0
560335,PADDOCK TWP,0
560345,PARKERS PRAIRIE TWP,0
560350,PELICAN TWP,0
560365,PERHAM TWP,0
560375,RICHVILLE,0
560380,ROTHSAY,0
560385,RUSH LAKE TWP,0
560395,SCAMBLER TWP,0
560420,TUMULI TWP,0
560430,URBANK,0
560440,VINING,0
560445,WADENA P-4,0
560450,WESTERN TWP,0
560455,WOODSIDE TWP,0
570005,BLACK RIVER TWP,0
570010,BRAY TWP,0
570015,CLOVERLEAF TWP,0
570025,GOODRIDGE,0
570030,GOODRIDGE TWP,0
570035,HICKORY TWP,0
570040,HIGHLANDING TWP,0
570045,KRATKA TWP,0
570050,MAYFIELD TWP,0
570055,NORDEN TWP,0
570065,NUMEDAL TWP,0
570070,POLK CENTRE TWP,0
570075,REINER TWP,0
570080,RIVER FALLS TWP,0
570095,ST HILAIRE,0
570100,SANDERS TWP,0
570105,SILVERTON TWP,0
570110,SMILEY TWP,0
570115,STAR TWP,0
570195,WYANDOTTE TWP,0
580005,ARLONE TWP.,0
580010,ARNA TWP.,0
580015,ASKOV,0
580025,BIRCH CREEK TWP.,0
580030,BREMEN TWP.,0
580035,BROOK PARK,0
580045,BRUNO,0
580050,BRUNO TWP.,0
580055,CHENGWATANA TWP.,0
580065,CROSBY TWP.,0
580070,DANFORTH TWP.,0
580080,DENHAM,0
580100,HENRIETTE,0
580115,KERRICK,0
580120,KERRICK TWP.,0
580125,KETTLE RIVER TWP.,0
580140,MUNCH TWP.,0
580145,NEW DOSEY TWP.,0
580150,NICKERSON TWP.,0
580155,NORMAN TWP.,0
580160,OGEMA TWP.,0
580165,PARK TWP.,0
580170,PARTRIDGE TWP.,0
580200,ROCK CREEK,0
580207,RUTLEDGE,0
580210,SANDSTONE,0
580215,SANDSTONE TWP.,0
580223,STURGEON LAKE P-2,0
580225,STURGEON LAKE TWP.,0
580235,WILMA TWP.,0
580240,WINDEMERE TWP.,0
590015,BURKE TWP.,0
590020,EDEN TWP.,0
590025,EDGERTON,0
590030,ELMER TWP.,0
590035,FOUNTAIN PRAIRIE TWP.,0
590045,GRAY TWP.,0
590050,HATFIELD,0
590055,HOLLAND,0
590060,IHLEN,0
590065,JASPER,0
590070,OSBORNE TWP.,0
590100,ROCK TWP.,0
590110,SWEET TWP.,0
590115,TROSKY,0
590120,TROY TWP.,0
590125,WOODSTOCK,0
600010,ANGUS TWP.,0
600015,BADGER TWP.,0
600020,BELGIUM TWP.,0
600025,BELTRAMI,0
600035,BRANDT TWP.,0
600040,BRISLET TWP.,0
600045,BYGLAND TWP.,0
600050,CHESTER TWP.,0
600060,COLUMBIA TWP.,0
600065,CROOKSTON W-1,0
600120,EAST GRAND FORKS W-2,0
600170,ESTHER TWP.,0
600175,EUCLID TWP.,0
600185,FANNY TWP.,0
600190,FARLEY TWP.,0
600205,FISHER TWP.,0
600220,GARDEN TWP.,0
600225,GARFIELD TWP.,0
600230,GENTILLY TWP.,0
600235,GODFREY TWP.,0
600240,GRAND FORKS TWP.,0
600250,GULLY CITY,0
600255,GULLY TWP.,0
600260,HAMMOND TWP.,0
600265,HELGELAND TWP.,0
600270,HIGDEM TWP.,0
600275,HILL RIVER TWP.,0
600280,HUBBARD TWP.,0
600285,HUNTSVILLE TWP.,0
600290,JOHNSON TWP.,0
600300,KEYSTONE TWP.,0
600305,KING TWP.,0
600310,KNUTE TWP.,0
600315,LENGBY,0
600320,LESSOR TWP.,0
600325,LIBERTY TWP.,0
600330,LOWELL TWP.,0
600335,MCINTOSH,0
600340,MENTOR,0
600345,NESBIT TWP.,0
600350,NIELSVILLE,0
600355,NORTHLAND TWP.,0
600360,ONSTAD TWP.,0
600365,PARNELL TWP.,0
600370,QUEEN TWP.,0
600375,REIS TWP.,0
600380,RHINEHART TWP.,0
600385,ROOME TWP.,0
600390,ROSEBUD TWP.,0
600395,RUSSIA TWP.,0
600400,SANDSVILLE TWP.,0
600405,SCANDIA TWP.,0
600410,SLETTEN TWP.,0
600415,SULLIVAN TWP.,0
600420,TABOR TWP.,0
600430,TRAIL,0
600435,TYNSID TWP.,0
600450,WINGER TWP.,0
600455,WOODSIDE TWP.,0
610020,BLUE MOUNDS TWP.,0
610022,BROOTEN,0
610025,CHIPPEWA FALLS TWP.,0
610050,GLENWOOD P-2,0
610055,GLENWOOD TWP.,0
610065,HOFF TWP.,0
610070,LAKE JOHANNA TWP.,0
610080,LEVEN TWP.,0
610085,LONG BEACH,0
610100,NEW PRAIRIE TWP.,0
610115,ROLLING FORKS TWP.,0
610120,SEDAN,0
610125,STARBUCK,0
610130,VILLARD,0
610135,WALDEN TWP.,0
610140,WESTPORT,0
610145,WESTPORT TWP.,0
610150,WHITE BEAR LAKE TWP.,0
620050,BLAINE W-1 P-9,0
620345,NEW BRIGHTON P-4,0
620678,ST. PAUL W-1 P-16,0
621650,SPRING LAKE PARK P-1R,0
621765,WHITE BEAR LAKE W-3 P-2,0
630010,BROWNS CREEK TWP.,0
630015,EMARDVILLE TWP.,0
630020,EQUALITY TWP.,0
630025,GARNES TWP.,0
630030,GERVAIS TWP.,0
630035,LAKE PLEASANT TWP.,0
630045,LOUISVILLE TWP.,0
630055,PLUMMER,0
630060,POPLAR RIVER TWP.,0
630065,RED LAKE FALLS W-1,0
630070,RED LAKE FALLS W-2,0
630080,RED LAKE FALLS TWP P-N,0
630085,RED LAKE FALLS TWP P-SE,0
630087,RED LAKE FALLS TWP P-SW,0
630090,RIVER TWP.,0
630095,TERREBONNE TWP.,0
630100,WYLIE TWP.,0
640015,CHARLESTOWN TWP.,0
640025,DELHI,0
640040,GRANITE ROCK TWP.,0
640045,HONNER TWP.,0
640050,JOHNSONVILLE TWP.,0
640055,KINTIRE TWP.,0
640065,LAMBERTON TWP.,0
640070,LUCAN,0
640075,MILROY,0
640080,MORGAN,0
640085,MORGAN TWP.,0
640095,NORTH HERO TWP.,0
640105,PAXTON TWP.,0
640110,REDWOOD FALLS W-1,0
640125,REDWOOD FALLS TWP.,0
640130,REVERE,0
640135,SANBORN,0
640140,SEAFORTH,0
640145,SHERIDAN TWP.,0
640150,SHERMAN TWP.,0
640155,SPRINGDALE TWP.,0
640160,SUNDOWN TWP.,0
640165,SWEDES FOREST TWP.,0
640170,THREE LAKES TWP.,0
640175,UNDERWOOD TWP.,0
640180,VAIL TWP.,0
640185,VESTA,0
640205,WANDA,0
640210,WATERBURY TWP.,0
640215,WESTLINE TWP.,0
640220,WILLOW LAKE TWP.,0
650005,BANDON TWP.,0
650010,BEAVER FALLS TWP.,0
650015,BIRCH COOLEY TWP.,0
650025,BIRD ISLAND TWP.,0
650030,BOON LAKE TWP,0
650045,CAIRO TWP.,0
650050,CAMP TWP.,0
650065,EMMET TWP.,0
650070,ERICSON TWP.,0
650080,FLORA TWP.,0
650090,HAWK CREEK TWP.,0
650095,HECTOR,0
650100,HECTOR TWP.,0
650105,HENRYVILLE TWP.,0
650115,MARTINSBURG TWP.,0
650125,MORTON,0
650130,NORFOLK TWP.,0
650140,OSCEOLA TWP.,0
650150,PRESTON LAKE TWP.,0
650152,REDWOOD FALLS,0
650165,SACRED HEART TWP.,0
650180,WELLINGTON TWP.,0
650185,WINFIELD TWP.,0
660012,DENNISON CITY,0
660015,DUNDAS,0
660055,FOREST TWP.,0
660070,MORRISTOWN TWP.,0
660075,NERSTRAND,0
660115,NORTHFIELD TWP.,0
660120,RICHLAND TWP.,0
660130,WALCOTT TWP.,0
660135,WARSAW TWP.,0
660155,WHEELING TWP.,0
670005,BATTLE PLAIN TWP,0
670015,BEAVER CREEK TWP,0
670020,CLINTON TWP,0
670025,DENVER TWP,0
670030,HARDWICK,0
670035,HILLS,0
670040,JASPER,0
670045,KANARANZI TWP,0
670060,LUVERNE W-1 NW,0
670075,LUVERNE TWP P1,0
670077,LUVERNE TWP P2,0
670080,MAGNOLIA CITY,0
670085,MAGNOLIA TWP,0
670090,MARTIN TWP,0
670095,MOUND TWP,0
670100,ROSE DELL TWP,0
670110,STEEN,0
670115,VIENNA TWP,0
680005,BADGER,0
680010,BARNETT TOWNSHIP,0
680015,BARTO TOWNSHIP,0
680020,BEAVER TOWNSHIP,0
680025,CEDARBEND TOWNSHIP,0
680028,CLEAR RIVER/OAKS UNORG,0
680035,DEWEY TOWNSHIP,0
680040,DIETER TOWNSHIP,0
680050,FALUN TOWNSHIP,0
680055,GOLDEN VALLEY TOWNSHIP,0
680065,GRIMSTAD TOWNSHIP,0
680075,HUSS TOWNSHIP,0
680080,JADIS TOWNSHIP,0
680083,JADIS UNORGANIZED,0
680095,LIND TOWNSHIP,0
680100,MALUNG TOWNSHIP,0
680105,MICKINOCK TOWNSHIP,0
680110,MOOSE TOWNSHIP,0
680120,NERESON TOWNSHIP,0
680121,NORLAND/SPRUCE VALLEY UNORGANIZED,0
680122,JUNEBERRY/BLOOMING VALLEY UNORG,0
680125,PALMVILLE TOWNSHIP,0
680130,POHLITZ TOWNSHIP,0
680135,POLONIA TOWNSHIP,0
680140,POPLAR GROVE TOWNSHIP,0
680145,REINE TOWNSHIP,0
680150,ROOSEVELT,0
680165,SKAGEN TOWNSHIP,0
680170,SOLER TOWNSHIP,0
680176,AMERICA/BELTRAMI ISLAND FOREST UNORG,0
680180,STAFFORD TOWNSHIP,0
680190,STRATHCONA,0
690005,ALANGO TWP.,0
690010,ALBORN TWP.,0
690015,ALDEN TWP.,0
690020,ANGORA TWP.,0
690025,ARROWHEAD TWP.,0
690030,AULT TWP.,0
690031,UNORG. PRCT. 3,0
690045,BASSETT TWP.,0
690055,BIWABIK,0
690066,UNORG. PRCT. 22,0
690075,BROOKSTON,0
690120,COLVIN TWP.,0
690133,CRANE LAKE TWP.,0
690135,CULVER TWP.,0
690315,DULUTH P-32,0
690440,ELLSBURG TWP.,0
690445,ELMER TWP.,0
690470,EMBARRASS TWP.,0
690505,FAIRBANKS TWP.,0
690520,FINE LAKES TWP.,0
690530,FLOODWOOD TWP. P-2,0
690545,FRENCH TWP.,0
690575,GREAT SCOTT TWP. P-1,0
690580,KINNEY/GREAT SCOTT TWP P-2,0
690591,UNORG. PRCT. 1,0
690635,HIBBING W-3 P-B,0
690645,HIBBING W-4 P-B,0
690755,IRON JUNCTION,0
690760,KELSEY TWP.,0
690765,KUGLER TWP.,0
690780,LEIDING TWP.,0
690785,LEONIDAS,0
690790,LINDEN GROVE TWP.,0
690795,MCDAVITT TWP.,0
690800,MEADOWLANDS TWP,0
690810,MORCOM TWP.,0
690821,UNORG. PRCT. 24,0
690840,NESS TWP.,0
690845,NEW INDEPENDENCE TWP,0
690850,NORMANNA TWP.,0
690852,NORTH STAR TWP.,0
690855,NORTHLAND TWP.,0
690857,UNORG. PRCT. 2,0
690860,ORR,0
690865,OWENS TWP.,0
690875,PEQUAYWAN TWP,0
690881,UNORG. PRCT. 18,0
690885,PORTAGE TWP.,0
690890,PRAIRIE LAKE TWP,0
690915,SANDY TWP.,0
690930,STURGEON TWP.,0
690935,TOIVOLA TWP.,0
690942,TOWER P-2,0
690945,UNORG. PRCT. 4,0
690950,UNORG. PRCT. 5,0
690962,UNORG. PRCT. 6,0
690965,UNORG. PRCT. 7,0
690970,UNORG. PRCT. 15,0
690971,UNORG. PRCT. 16,0
690973,UNORG. PRCT. 8,0
690975,UNORG. PRCT. 9,0
690976,UNORG. PRCT. 20,0
690979,UNORG. PRCT. 10,0
690990,UNORG. PRCT. 12,0
690999,UNORG. PRCT. 11,0
691000,UNORG. PRCT. 13,0
691001,UNORG. PRCT. 19,0
691011,CAMP 5 TWP.,0
691030,VAN BUREN TWP.,0
691035,VERMILION LAKE TWP.,0
691136,WHITE TWP. P-3,0
691140,WILLOW VALLEY TWP.,0
691145,WINTON,0
691155,UNORG. PRCT. 17,0
691160,KABETOGAMA TWP,0
700010,BELLE PLAINE TWP.,0
700015,BLAKELEY TWP.,0
700037,ELKO NEW MARKET,0
700080,PRIOR LAKE P-1,0
700158,SHAKOPEE P-13,0
710030,BLUE HILL TWP,0
710035,CLEAR LAKE CITY,0
710085,PRINCETON CITY P2,0
710105,SANTIAGO TWP,0
710155,LIVONIA TWP P3,0
720005,ALFSBORG TWP.,0
720020,BISMARCK TWP.,0
720050,GRAFTON TWP.,0
720055,GREEN ISLE,0
720060,GREEN ISLE TWP.,0
720070,HENDERSON TWP.,0
720080,KELSO TWP.,0
720082,LE SUEUR,0
720085,MOLTKE TWP.,0
720090,NEW AUBURN CITY,0
720095,NEW AUBURN TWP.,0
720100,SEVERANCE TWP.,0
720110,TRANSIT TWP.,0
730010,ALBANY TWP,0
730015,ASHLEY TWP,0
730030,BELGRADE,0
730040,BROOTEN,0
730042,CLEARWATER,0
730060,CROW LAKE TWP,0
730065,CROW RIVER TWP,0
730075,EDEN VALLEY,0
730080,ELROSA,0
730100,GETTY TWP,0
730105,GREENWALD,0
730110,GROVE TWP,0
730115,HOLDING TWP,0
730125,KIMBALL,0
730130,KRAIN TWP,0
730137,LAKE HENRY,0
730140,LAKE HENRY TWP,0
730145,LE SAUK TWP,0
730150,LUXEMBURG TWP,0
730165,MEIRE GROVE,0
730180,MELROSE TWP,0
730185,MILLWOOD TWP,0
730190,MUNSON TWP P-1,0
730195,NEW MUNICH,0
730200,NORTH FORK TWP,0
730205,OAK TWP,0
730210,PAYNESVILLE,0
730225,RAYMOND TWP,0
730245,ROSCOE,0
730250,ST ANTHONY,0
730400,ST MARTIN TWP,0
730404,ST ROSA,0
730410,ST WENDEL TWP,0
730430,SAUK CENTRE TWP,0
730434,SPRING HILL,0
730435,SPRING HILL TWP,0
730440,WAITE PARK P1,0
730442,WAITE PARK P3,0
740005,AURORA TWP.,0
740020,BLOOMING PRAIRIE TWP.,0
740025,CLINTON FALLS TWP.,0
740030,DEERFIELD TWP.,0
740040,HAVANA TWP.,0
740045,LEMOND TWP.,0
740050,MEDFORD,0
740055,MEDFORD TWP.,0
750005,ALBERTA,0
750010,BAKER TWP.,0
750020,DARNEN TWP.,0
750025,DONNELLY,0
750040,EVERGLADE TWP.,0
750045,FRAMNAS TWP.,0
750055,HODGES TWP.,0
750060,HORTON TWP.,0
750072,MORRIS P-1A,0
750076,MORRIS P-2B,0
750085,MORRIS TWP.,0
750090,PEPPERTON TWP.,0
750095,RENDSVILLE TWP.,0
750100,SCOTT TOWNSHIP,0
750105,STEVENS TWP.,0
750110,SWAN LAKE TWP.,0
750115,SYNNES TWP.,0
760010,APPLETON TWP.,0
760025,BENSON TWP.,0
760030,CAMP LAKE TWP.,0
760035,CASHEL TWP.,0
760040,CLONTARF,0
760045,CLONTARF TWP.,0
760050,DANVERS,0
760055,DEGRAFF,0
760060,DUBLIN TWP.,0
760065,EDISON TWP.,0
760070,FAIRFIELD TWP.,0
760075,HAYES TWP.,0
760080,HEGBERT TWP.,0
760095,KERKHOVEN TWP.,0
760100,KILDARE TWP.,0
760105,MARYSLAND TWP.,0
760115,MURDOCK,0
760120,PILLSBURY TWP.,0
760125,SHIBLE TWP.,0
760130,SIX MILE GROVE TWP.,0
760135,SWENODA TWP.,0
760140,TARA TWP.,0
760145,TORNING TWP.,0
760150,WEST BANK TWP.,0
770005,BARTLETT TWP,0
770015,BERTHA TWP,0
770020,BIRCHDALE TWP,0
770025,BROWERVILLE,0
770035,BURLEENE TWP,0
770040,BURNHAMVILLE TWP,0
770045,BURTRUM,0
770055,EAGLE BEND,0
770060,EAGLE VALLEY TWP,0
770065,FAWN LAKE TWP,0
770080,GREY EAGLE,0
770085,GREY EAGLE TWP,0
770090,HARTFORD TWP,0
770100,IONA TWP,0
770115,LITTLE ELK TWP,0
770120,LITTLE SAUK TWP,0
770135,LONG PRAIRIE TWP,0
770140,MORAN TWP,0
770145,OSAKIS,0
770170,STOWE PRAIRIE TWP,0
770173,SWANVILLE,0
770185,WARD TWP,0
770188,WEST UNION,0
770190,WEST UNION TWP,0
770195,WYKEHAM TWP,0
780005,ARTHUR TWP.,0
780010,BROWNS VALLEY,0
780015,CLIFTON TWP.,0
780020,CROKE TWP,0
780025,DOLLYMOUNT TWP.,0
780027,DUMONT,0
780040,LEONARDSVILLE TWP.,0
780045,MONSON TWP.,0
780050,PARNELL TWP.,0
780055,REDPATH TWP.,0
780065,TAYLOR TWP.,0
780070,TINTAH,0
780075,TINTAH TWP.,0
780080,WALLS TWP.,0
780095,WINDSOR TWP.,0
790010,CHESTER TWP,0
790020,ELGIN TWP.,0
790040,HAMMOND,0
790060,LAKE TWP.,0
790070,LAKE CITY P-2,0
790090,MILLVILLE,0
790095,MINNEISKA CITY,0
790100,MINNEISKA TWP.,0
790110,OAKWOOD TWP.,0
790115,PEPIN TWP.,0
790130,PLAINVIEW TWP.,0
790155,WATOPA TWP.,0
790160,WEST ALBANY TWP.,0
790170,ZUMBRO FALLS,0
800010,ALDRICH TWP,0
800015,BLUEBERRY TWP.,0
800020,BULLARD TWP.,0
800025,HUNTERSVILLE TWP,0
800030,LEAF RIVER TWP P-1,0
800032,LEAF RIVER TWP P-2,0
800035,LYONS TWP.,0
800040,MEADOW TWP.,0
800050,NIMROD,0
800065,RED EYE TWP.,0
800070,ROCKWOOD TWP.,0
800080,SHELL RIVER TWP.,0
800095,VERNDALE,0
800125,WING RIVER TWP.,0
810020,ELYSIAN,0
810030,IOSCO TWP.,0
810045,JANESVILLE TWP.,0
810070,VIVIAN TWP.,0
810075,WALDORF,0
820005,AFTON W-1 P-1,0
820010,AFTON W-2 P-1,0
820140,HASTINGS W-1 P-1,0
820150,HUGO W-2 P-2A,0
820185,LAKELAND SHORES,0
820260,OAKDALE P-8,0
820275,PINE SPRINGS,0
820280,ST. MARY'S POINT,0
820290,ST. PAUL PARK P-2,0
820365,WHITE BEAR LAKE W-4 P-2,0
820385,WOODBURY P-03,0
830010,ANTRIM TWP,0
830015,BUTTERFIELD,0
830020,BUTTERFIELD TWP,0
830025,DARFUR,0
830030,FIELDON TWP,0
830035,LA SALLE,0
830040,LEWISVILLE,0
830060,MADELIA TWP,0
830065,NELSON TWP,0
830080,ORMSBY,0
830090,ROSENDALE TWP,0
830125,ST JAMES TWP,0
830135,SOUTH BRANCH TWP,0
840010,ANDREA TWP.,0
840015,ATHERTON TWP.,0
840020,BRADFORD TWP.,0
840025,BRANDRUP TWP.,0
840030,BRECKENRIDGE P-1,0
840050,BRECKENRIDGE TWP.,0
840055,CAMPBELL CITY,0
840060,CAMPBELL TWP.,0
840065,CHAMPION TWP,0
840070,CONNELLY TWP.,0
840072,DORAN CITY,0
840075,DEERHORN TWP.,0
840080,FOXHOME CITY,0
840085,FOXHOME TWP.,0
840095,MCCAULEYVILLE TWP.,0
840100,MANSTON TWP.,0
840105,MEADOWS TWP.,0
840110,MITCHELL TWP.,0
840113,NASHUA,0
840115,NILSEN TWP.,0
840120,NORDICK TWP.,0
840130,ROBERTS TWP.,0
840140,SUNNYSIDE TWP.,0
840150,WOLVERTON CITY,0
840155,WOLVERTON TWP.,0
850005,ALTURA,0
850010,DAKOTA,0
850020,ELBA,0
850025,ELBA TWP,0
850030,FREMONT TWP,0
850055,HOMER TWP,0
850058,LA CRESCENT,0
850065,MINNEISKA,0
850075,MOUNT VERNON TWP,0
850085,NORTON TWP,0
850090,PLEASANT HILL TWP,0
850095,RICHMOND TWP,0
850115,ST CHARLES TWP,0
850120,SARATOGA TWP,0
850130,UTICA,0
850135,UTICA TWP,0
850180,WINONA W-2 P-2,0
860070,DAYTON,0
860096,HANOVER P-3,0
860111,MAPLE LAKE TWP P-1B,0
860142,OTSEGO P-3,0
860165,SOUTH HAVEN,0
870005,BURTON TWP,0
870030,ECHO TWP,0
870035,FLORIDA TWP,0
870040,FORTIER TWP,0
870045,FRIENDSHIP TWP,0
870065,HAMMER TWP,0
870075,HAZEL RUN,0
870085,LISBON TWP,0
870095,NORMAN TWP,0
870100,NORMANIA TWP,0
870105,OMRO TWP,0
870110,OSHKOSH TWP,0
870120,POSEN TWP,0
870125,ST LEO,0
870135,SIOUX AGENCY TWP,0
870145,SWEDE PRAIRIE TWP,0
870150,TYRO TWP,0
870155,WERGELAND TWP,0
870160,WOOD LAKE,0
870165,WOOD LAKE TWP,0